ms_id,ms_repeat_number
75948,0
75951,0
26745,0
26746,0
26747,0
75958,0
28644,0
75969,0
75975,0
75976,0
75978,0
28794,0
39015,0
75993,0
39026,0
39029,0
39030,0
76000,0
38989,0
39037,0
54123,0
39039,0
76009,0
76010,0
39045,0
76015,0
76016,0
39051,0
53278,0
76028,0
76030,0
76037,0
76043,0
76045,0
76053,0
76056,0
39104,0
76070,0
76073,0
76075,0
39108,0
39114,0
76087,0
39126,0
76093,0
39129,0
76097,0
76103,0
39142,0
76107,0
39006,0
76119,0
39157,0
139959,0
39165,0
39166,0
39171,0
39172,0
28848,0
39180,0
39181,0
39184,0
76156,0
39195,0
76159,0
39208,0
39211,0
76176,0
76182,0
39227,0
76186,0
39231,0
39234,0
76199,0
39245,0
76202,0
39255,0
76211,0
39265,0
39266,0
39269,0
73479,0
39271,0
39278,0
39283,0
76240,0
39288,0
76244,0
76245,0
39294,0
76252,0
76253,0
39309,0
76264,0
39320,0
39327,0
39335,0
76285,0
76289,0
39346,0
39347,0
76299,0
76307,0
39368,0
76315,0
39373,0
39374,0
76323,0
39377,0
39379,0
39381,0
76012,0
39394,0
39397,0
76346,0
39404,0
39424,0
76367,0
39429,0
45287,0
39435,0
76385,0
76386,0
39453,0
76394,0
39463,0
76399,0
57258,0
39470,0
39476,0
76411,0
76412,0
76414,0
39481,0
76419,0
76430,0
39501,0
76433,0
76441,0
76446,0
76450,0
39523,0
76456,0
39527,0
39534,0
76463,0
39539,0
27051,0
39548,0
51450,0
45306,0
76489,0
76491,0
76493,0
39567,0
39578,0
39583,0
76513,0
76520,0
76525,0
39601,0
39605,0
39608,0
76543,0
76546,0
76549,0
39618,0
76052,0
76559,0
76561,0
76563,0
76580,0
39655,0
51473,0
39667,0
39669,0
45326,0
39673,0
39677,0
76616,0
76620,0
45329,0
76627,0
35973,0
39696,0
39698,0
39723,0
39724,0
39726,0
76665,0
76666,0
76069,0
76677,0
39742,0
76683,0
39750,0
45338,0
39759,0
76700,0
39763,0
39774,0
76714,0
39780,0
76722,0
39788,0
76726,0
39796,0
39806,0
76742,0
76745,0
39816,0
76753,0
76758,0
50126,0
39835,0
39836,0
76770,0
80759,0
76775,0
76778,0
45355,0
76781,0
39866,0
39880,0
39884,0
76801,0
26691,0
28327,0
76810,0
39906,0
76818,0
76820,0
28321,0
39921,0
76830,0
39926,0
76840,0
76842,0
39939,0
76846,0
76848,0
76857,0
76862,0
76863,0
39969,0
76106,0
76888,0
80761,0
76904,0
39999,0
76913,0
40003,0
40004,0
76918,0
76923,0
40012,0
76926,0
76930,0
76942,0
40029,0
76948,0
31612,0
40036,0
76955,0
40051,0
76968,0
75908,0
40059,0
76976,0
40063,0
40069,0
40070,0
76984,0
40078,0
76993,0
40083,0
45389,0
77001,0
40091,0
40092,0
77007,0
77008,0
76129,0
77016,0
40108,0
77020,0
77021,0
77024,0
77025,0
77026,0
40128,0
77038,0
40141,0
40144,0
77060,0
39173,0
40155,0
77066,0
40163,0
40165,0
77076,0
40171,0
80766,0
77091,0
40187,0
77097,0
40192,0
40193,0
40194,0
40196,0
40198,0
40201,0
77112,0
40206,0
40210,0
40211,0
77127,0
77137,0
40229,0
77142,0
40237,0
40239,0
40240,0
77155,0
40253,0
77165,0
40258,0
77179,0
77184,0
40283,0
77188,0
77190,0
77191,0
40292,0
77196,0
77204,0
77207,0
40307,0
77211,0
28053,0
77215,0
77221,0
77225,0
40334,0
73512,0
40340,0
40343,0
40360,0
128071,0
45431,0
77271,0
40372,0
40373,0
63953,0
39209,0
77289,0
76171,0
77300,0
40397,0
40402,0
77312,0
40406,0
77317,0
77318,0
77320,0
77327,0
40422,0
40424,0
77335,0
77336,0
77337,0
77345,0
40435,0
40442,0
77352,0
40445,0
77360,0
40453,0
40460,0
40462,0
40465,0
77376,0
77383,0
46411,0
80773,0
40488,0
40489,0
40494,0
40497,0
40498,0
77406,0
40507,0
77414,0
40511,0
77422,0
77424,0
40518,0
40521,0
40522,0
40524,0
40525,0
40531,0
77443,0
40539,0
40540,0
40542,0
77452,0
40551,0
77457,0
40555,0
27898,0
77463,0
77465,0
77466,0
77473,0
77474,0
40584,0
40589,0
40590,0
27867,0
40592,0
77497,0
40600,0
77503,0
40606,0
77508,0
77510,0
77512,0
40620,0
77516,0
40629,0
40636,0
40637,0
77536,0
77537,0
77538,0
77540,0
72737,0
45474,0
40666,0
40676,0
77572,0
80780,0
40698,0
77591,0
40705,0
77598,0
45486,0
77611,0
77614,0
118074,0
77618,0
40735,0
77622,0
45490,0
40743,0
40746,0
72393,0
40753,0
77636,0
40760,0
77643,0
40764,0
31502,0
40770,0
40772,0
77655,0
40774,0
77662,0
77679,0
40804,0
40805,0
40815,0
77700,0
77708,0
40834,0
40836,0
76237,0
77717,0
40842,0
77722,0
40847,0
77727,0
77728,0
40850,0
40852,0
40854,0
40856,0
40857,0
77741,0
40862,0
77745,0
77749,0
40875,0
77758,0
77765,0
65012,0
31627,0
40893,0
40894,0
40898,0
77780,0
40904,0
40905,0
40908,0
40909,0
26792,0
77787,0
40918,0
77794,0
77796,0
40927,0
40939,0
77809,0
77812,0
40947,0
40950,0
72763,0
32841,0
77821,0
40959,0
77825,0
40965,0
77832,0
64046,0
40971,0
40975,0
77840,0
45526,0
40982,0
77846,0
77847,0
77849,0
40988,0
40992,0
77856,0
77858,0
40997,0
77865,0
41005,0
41007,0
80788,0
41024,0
41025,0
41032,0
41035,0
77898,0
41045,0
77902,0
41050,0
41052,0
41053,0
41054,0
41055,0
77912,0
76271,0
77917,0
77918,0
77926,0
41074,0
77929,0
77932,0
77935,0
77940,0
41089,0
77943,0
77950,0
41105,0
41109,0
41110,0
27531,0
77966,0
41121,0
77978,0
77979,0
41131,0
77984,0
77986,0
77990,0
41142,0
77995,0
41145,0
41147,0
78000,0
78001,0
75940,0
78005,0
78010,0
26416,0
26417,0
78013,0
152711,0
78017,0
78020,0
41176,0
41177,0
41178,0
41182,0
41183,0
41185,0
41187,0
41191,0
76290,0
41201,0
41205,0
78053,0
78054,0
78055,0
78056,0
41211,0
41213,0
41214,0
41227,0
41232,0
41237,0
41239,0
41244,0
78096,0
41255,0
39352,0
41267,0
78111,0
78113,0
78115,0
41277,0
78120,0
78122,0
41283,0
78127,0
78129,0
41295,0
78135,0
78144,0
78145,0
41313,0
41317,0
41319,0
78157,0
41325,0
78159,0
41327,0
78161,0
78168,0
41345,0
78184,0
41349,0
41350,0
78187,0
78192,0
78194,0
78198,0
78199,0
41366,0
41367,0
78203,0
41377,0
35941,0
41379,0
41383,0
41386,0
41390,0
41391,0
41393,0
41394,0
27368,0
78245,0
80794,0
51380,0
41418,0
41419,0
41423,0
78267,0
41432,0
41433,0
41435,0
41437,0
41439,0
78278,0
78281,0
41446,0
78283,0
41448,0
41467,0
70259,0
41472,0
116545,0
78323,0
78324,0
41486,0
78329,0
41490,0
41491,0
41509,0
41510,0
116411,0
41516,0
78358,0
150445,0
41527,0
78371,0
78372,0
41537,0
141807,0
153481,0
78379,0
41546,0
41547,0
151531,0
147413,0
41555,0
78393,0
78396,0
78397,0
78402,0
149524,0
149525,0
149634,0
41576,0
143316,0
117126,0
118709,0
41582,0
41583,0
136433,0
41592,0
41594,0
41596,0
78435,0
146165,0
78438,0
151661,0
151787,0
41607,0
143549,0
132475,0
41611,0
78448,0
55169,0
78452,0
78453,0
78455,0
41622,0
41623,0
78459,0
78463,0
130456,0
78466,0
78467,0
41636,0
78470,0
41640,0
41641,0
78477,0
51296,0
78482,0
78483,0
78487,0
27177,0
78492,0
41670,0
78500,0
78503,0
121910,0
41681,0
130297,0
41692,0
32242,0
124771,0
41703,0
63373,0
78538,0
41719,0
39427,0
41724,0
41726,0
64161,0
49736,0
41730,0
41732,0
42928,0
145055,0
41743,0
41920,0
140050,0
78566,0
149708,0
39431,0
80011,0
41759,0
143050,0
139733,0
139734,0
41763,0
64166,0
41765,0
78581,0
41768,0
132068,0
153041,0
41779,0
143458,0
41201,0
78596,0
41788,0
41793,0
78606,0
41800,0
78609,0
38625,0
26622,0
78612,0
41810,0
152194,0
40211,0
153442,0
78620,0
41817,0
143527,0
78630,0
78631,0
78632,0
149686,0
78637,0
41832,0
145038,0
78646,0
78647,0
41841,0
78650,0
144753,0
142999,0
78655,0
78659,0
145009,0
145010,0
41858,0
68196,0
78671,0
41865,0
41866,0
64186,0
148567,0
78689,0
41879,0
136444,0
39455,0
44390,0
78703,0
73070,0
41902,0
78711,0
41907,0
153543,0
153508,0
41914,0
41920,0
78726,0
41928,0
41929,0
78735,0
41933,0
78739,0
76397,0
41941,0
151493,0
117295,0
78752,0
56841,0
78758,0
31475,0
41957,0
118943,0
41960,0
78768,0
41971,0
78778,0
75478,0
152222,0
54520,0
117327,0
78786,0
78789,0
58483,0
41985,0
78793,0
70564,0
75182,0
37454,0
78797,0
78798,0
57249,0
78803,0
42006,0
80716,0
37331,0
121995,0
42011,0
61574,0
122279,0
45048,0
39724,0
78828,0
63512,0
122613,0
71388,0
42030,0
42031,0
42032,0
62824,0
42034,0
42035,0
42037,0
78844,0
60436,0
119428,0
80810,0
78852,0
51861,0
42054,0
42056,0
78857,0
78858,0
130277,0
78873,0
42077,0
53840,0
62294,0
130344,0
42083,0
78887,0
151477,0
56673,0
148551,0
153034,0
42093,0
42094,0
153531,0
78903,0
78904,0
42100,0
42101,0
53120,0
78913,0
78914,0
78917,0
63071,0
42123,0
78936,0
42134,0
39774,0
42142,0
42145,0
57283,0
78950,0
150599,0
36892,0
149398,0
76432,0
42157,0
150526,0
45722,0
47224,0
38448,0
42167,0
42169,0
42176,0
67520,0
50132,0
78982,0
42190,0
53190,0
78566,0
42196,0
42198,0
78995,0
78996,0
78997,0
79004,0
42213,0
42214,0
42215,0
42216,0
63098,0
64232,0
42222,0
42224,0
79406,0
79020,0
60548,0
62164,0
79033,0
42243,0
42248,0
70312,0
67106,0
65236,0
39969,0
79050,0
73829,0
79057,0
42266,0
71362,0
64961,0
79069,0
79070,0
49893,0
42284,0
79085,0
140023,0
42291,0
139972,0
139835,0
139898,0
42300,0
42305,0
79100,0
63846,0
131999,0
42310,0
79106,0
42312,0
139697,0
41863,0
42318,0
79117,0
79120,0
136592,0
79125,0
76462,0
132330,0
42339,0
79134,0
42341,0
138349,0
79139,0
42346,0
79141,0
79142,0
42349,0
42353,0
141650,0
42362,0
42365,0
42367,0
121963,0
122541,0
79168,0
79173,0
124968,0
121863,0
42389,0
79185,0
79186,0
146266,0
42401,0
79193,0
42403,0
79200,0
79201,0
124818,0
125632,0
42421,0
79215,0
42429,0
124795,0
122180,0
42433,0
79228,0
42438,0
134222,0
134223,0
138046,0
136315,0
79233,0
42446,0
79235,0
42448,0
130365,0
79240,0
42453,0
79242,0
79244,0
79248,0
79249,0
134703,0
79258,0
79259,0
79260,0
42475,0
138063,0
42479,0
39556,0
79268,0
79270,0
42486,0
42487,0
79279,0
51424,0
134670,0
42507,0
136693,0
149359,0
42514,0
138491,0
147450,0
79306,0
138366,0
148383,0
141706,0
79318,0
42534,0
26706,0
51938,0
42541,0
42543,0
144699,0
42552,0
79341,0
146220,0
42556,0
148568,0
79349,0
36719,0
42567,0
79357,0
42572,0
145924,0
141391,0
145971,0
79373,0
79374,0
153029,0
79377,0
79382,0
42593,0
42594,0
26676,0
42596,0
79390,0
76507,0
42604,0
79400,0
150656,0
79406,0
150654,0
150508,0
79410,0
47268,0
42621,0
42622,0
79422,0
150784,0
152447,0
43171,0
45286,0
42637,0
42638,0
42642,0
151481,0
42645,0
79443,0
79444,0
42650,0
79449,0
77539,0
149683,0
45802,0
77862,0
42659,0
42664,0
42666,0
151653,0
42669,0
152422,0
42672,0
79475,0
42675,0
79480,0
78397,0
42685,0
42686,0
52922,0
79489,0
42690,0
79492,0
79493,0
42699,0
79507,0
42704,0
79510,0
51590,0
62002,0
42713,0
45811,0
79522,0
79525,0
79526,0
42727,0
42733,0
42736,0
42737,0
42738,0
79541,0
62928,0
46428,0
42743,0
76529,0
42747,0
79548,0
60391,0
42753,0
79554,0
79556,0
42756,0
52081,0
79566,0
42768,0
79570,0
79571,0
79572,0
52158,0
49124,0
42777,0
76534,0
79581,0
79583,0
39606,0
79586,0
75744,0
76536,0
42799,0
42800,0
42802,0
79599,0
32542,0
42806,0
39673,0
79944,0
42817,0
68918,0
79615,0
42824,0
79623,0
79624,0
79627,0
79628,0
79629,0
79634,0
64413,0
79639,0
42845,0
79654,0
44387,0
42863,0
49462,0
42866,0
79664,0
45293,0
62194,0
32646,0
42874,0
79676,0
42879,0
42881,0
42882,0
42884,0
79684,0
79685,0
42890,0
79690,0
56377,0
42897,0
79697,0
45846,0
79700,0
42903,0
79703,0
42915,0
79719,0
79722,0
121826,0
117368,0
117159,0
117183,0
125024,0
79731,0
37834,0
119481,0
122589,0
79738,0
42938,0
117293,0
118776,0
79747,0
79749,0
79751,0
124752,0
51351,0
118080,0
117148,0
117328,0
122492,0
79763,0
42964,0
42970,0
42973,0
79775,0
130335,0
57124,0
42984,0
125335,0
42986,0
65424,0
68691,0
79794,0
125634,0
125635,0
125636,0
43002,0
43003,0
43006,0
43012,0
125426,0
79813,0
79820,0
79822,0
43033,0
43037,0
43040,0
129686,0
129684,0
129685,0
80556,0
43051,0
79850,0
79852,0
76582,0
127799,0
26419,0
79860,0
54966,0
79864,0
43073,0
43074,0
79870,0
79871,0
43080,0
79874,0
79877,0
43085,0
79880,0
79884,0
43094,0
43098,0
79898,0
72155,0
46044,0
80345,0
43124,0
52576,0
72945,0
79921,0
79925,0
43133,0
66411,0
79927,0
79928,0
79929,0
78150,0
43144,0
43146,0
79936,0
79937,0
41239,0
38233,0
79944,0
79945,0
79949,0
43165,0
43169,0
43171,0
79962,0
43176,0
43181,0
152334,0
43185,0
79977,0
76112,0
151488,0
43196,0
79987,0
43202,0
43207,0
55201,0
80001,0
43211,0
80003,0
43217,0
43219,0
43221,0
43224,0
152283,0
43226,0
80021,0
80026,0
151520,0
152381,0
151667,0
80030,0
80032,0
43240,0
80035,0
43242,0
80043,0
43252,0
80048,0
60137,0
80051,0
80054,0
52059,0
80059,0
80062,0
43274,0
53881,0
80069,0
80071,0
43290,0
50939,0
43297,0
57823,0
40406,0
43307,0
80097,0
80098,0
80099,0
80100,0
40507,0
58077,0
33560,0
80106,0
80109,0
47421,0
80114,0
43328,0
70058,0
80119,0
59226,0
73660,0
59370,0
43338,0
37879,0
80131,0
43345,0
72753,0
75224,0
80135,0
80136,0
37249,0
71735,0
80142,0
78891,0
134463,0
43368,0
80164,0
80169,0
136369,0
43377,0
134353,0
138303,0
51449,0
80188,0
136749,0
80192,0
43397,0
43410,0
43413,0
80209,0
80211,0
48546,0
138320,0
138317,0
80218,0
132591,0
80222,0
134400,0
138364,0
43435,0
80231,0
136532,0
136695,0
136754,0
134323,0
146192,0
80242,0
80243,0
43451,0
141657,0
141907,0
43456,0
43459,0
143010,0
141403,0
146287,0
80264,0
146281,0
43469,0
80270,0
146156,0
80278,0
62040,0
147139,0
80294,0
80295,0
80296,0
80304,0
141418,0
80311,0
43517,0
43518,0
139700,0
32752,0
147094,0
43521,0
43522,0
147374,0
43529,0
80326,0
43532,0
119409,0
80334,0
122299,0
147270,0
43545,0
117312,0
80345,0
80346,0
80352,0
43556,0
80356,0
43560,0
43561,0
147443,0
80360,0
43571,0
117168,0
80369,0
43576,0
80372,0
43581,0
43583,0
121973,0
45966,0
80383,0
80384,0
80387,0
80388,0
43593,0
122594,0
130441,0
80395,0
125512,0
80398,0
80401,0
80404,0
43611,0
132113,0
80410,0
43616,0
130440,0
43618,0
41160,0
68096,0
43627,0
43630,0
80431,0
132164,0
80435,0
125302,0
43640,0
125443,0
80445,0
130004,0
80448,0
43649,0
124971,0
80453,0
125043,0
43657,0
39747,0
129675,0
80463,0
80464,0
80465,0
125246,0
43670,0
80470,0
80473,0
134736,0
43680,0
80481,0
43686,0
43688,0
134477,0
80496,0
80500,0
80503,0
80506,0
134247,0
34826,0
134634,0
34820,0
34817,0
80515,0
34815,0
134249,0
34797,0
34788,0
137953,0
34784,0
80517,0
34754,0
138281,0
141638,0
34702,0
146141,0
43755,0
34658,0
34657,0
43759,0
143232,0
43763,0
43767,0
141536,0
34591,0
34579,0
43774,0
34570,0
43777,0
43779,0
34553,0
76704,0
43787,0
80520,0
143258,0
143259,0
80522,0
34508,0
143534,0
34454,0
80524,0
73633,0
34429,0
43811,0
34416,0
43813,0
43816,0
43817,0
46007,0
141562,0
43824,0
146177,0
147356,0
43831,0
80525,0
34311,0
34304,0
43839,0
149564,0
43845,0
43847,0
34256,0
149703,0
147212,0
43861,0
80528,0
147296,0
34194,0
149642,0
80531,0
148554,0
149439,0
34156,0
152386,0
80533,0
80534,0
80536,0
43896,0
34110,0
80537,0
34105,0
43902,0
150603,0
60516,0
34022,0
56892,0
56894,0
51631,0
33952,0
50760,0
59940,0
33899,0
74739,0
43938,0
79085,0
153044,0
33837,0
43945,0
33824,0
70489,0
33822,0
69184,0
43955,0
80543,0
43965,0
43968,0
43969,0
33765,0
80544,0
80545,0
80546,0
43983,0
34616,0
43984,0
33698,0
33697,0
43988,0
67672,0
43992,0
80549,0
54262,0
44002,0
44003,0
72806,0
63980,0
33588,0
153452,0
59263,0
33558,0
40862,0
80554,0
80555,0
44026,0
69079,0
80557,0
33490,0
44039,0
80558,0
80559,0
68816,0
80563,0
41719,0
33414,0
51679,0
37790,0
46933,0
80564,0
80565,0
37353,0
80566,0
78758,0
44071,0
76752,0
80568,0
33302,0
52586,0
44084,0
67464,0
33255,0
80570,0
73066,0
44092,0
44094,0
44098,0
80573,0
80574,0
49773,0
44104,0
44111,0
44115,0
44116,0
76842,0
33059,0
61071,0
80577,0
80578,0
33038,0
33039,0
66963,0
43235,0
44137,0
44138,0
44139,0
33000,0
44142,0
32967,0
31673,0
80579,0
44147,0
44148,0
38612,0
75681,0
80580,0
80581,0
66196,0
80583,0
59827,0
44166,0
32906,0
57031,0
44174,0
44175,0
32877,0
32876,0
32874,0
32829,0
50176,0
32805,0
44198,0
80584,0
46071,0
44205,0
44206,0
44207,0
32743,0
44214,0
32736,0
44216,0
32734,0
80589,0
32719,0
80590,0
32681,0
71723,0
80591,0
80592,0
44235,0
44236,0
32642,0
44240,0
80593,0
32629,0
80594,0
117357,0
117332,0
32616,0
119061,0
80597,0
80598,0
32550,0
32538,0
121612,0
44279,0
32516,0
117100,0
80602,0
32466,0
80606,0
32445,0
80607,0
80608,0
80609,0
125435,0
44313,0
32420,0
44317,0
44318,0
125161,0
80612,0
80613,0
32354,0
44342,0
44350,0
32271,0
44353,0
80615,0
44356,0
125332,0
44361,0
45784,0
32236,0
28493,0
80617,0
46098,0
44371,0
80619,0
32199,0
80621,0
44379,0
44380,0
80623,0
32156,0
32154,0
122623,0
44393,0
32129,0
44397,0
44398,0
32110,0
44402,0
117221,0
32087,0
44407,0
117162,0
130300,0
117313,0
44419,0
129816,0
128084,0
80626,0
27060,0
44439,0
127896,0
44443,0
64604,0
44446,0
32489,0
117190,0
44449,0
117286,0
44455,0
44459,0
31870,0
117306,0
121663,0
44474,0
44477,0
31815,0
46117,0
44492,0
121954,0
31694,0
80637,0
31675,0
122085,0
44505,0
80638,0
44508,0
44509,0
44511,0
35980,0
31592,0
119628,0
44537,0
44540,0
80642,0
122636,0
125263,0
125844,0
44553,0
44557,0
80643,0
127704,0
122463,0
44566,0
44567,0
32321,0
44576,0
125279,0
70767,0
44588,0
44592,0
41287,0
44596,0
80649,0
44599,0
125075,0
31273,0
125200,0
31247,0
44619,0
44620,0
80651,0
44622,0
31204,0
80652,0
36803,0
44635,0
44636,0
44638,0
31164,0
31146,0
46142,0
44642,0
53394,0
44647,0
31134,0
127984,0
31108,0
75185,0
63972,0
40889,0
80658,0
31050,0
44669,0
44671,0
44672,0
130387,0
80660,0
80661,0
44679,0
46149,0
44688,0
130407,0
70783,0
30904,0
76543,0
77501,0
52308,0
80664,0
44706,0
80293,0
30854,0
39335,0
44716,0
44718,0
44729,0
46158,0
44733,0
149721,0
44738,0
43761,0
80666,0
28170,0
44749,0
44750,0
44752,0
150512,0
30659,0
51032,0
58531,0
44763,0
44764,0
79132,0
44768,0
46098,0
30575,0
44772,0
148368,0
46747,0
44781,0
44787,0
26922,0
80673,0
30486,0
44799,0
80680,0
44804,0
149625,0
152275,0
44810,0
30445,0
30419,0
30414,0
80682,0
36595,0
30349,0
30348,0
30347,0
44828,0
44831,0
80628,0
80629,0
80685,0
30311,0
30306,0
152966,0
30298,0
30932,0
44846,0
44849,0
30245,0
44853,0
80686,0
153464,0
153465,0
30214,0
39653,0
30203,0
151554,0
151452,0
44866,0
153516,0
80688,0
44874,0
44877,0
80689,0
44884,0
151605,0
80692,0
30062,0
30045,0
44897,0
30031,0
30029,0
44907,0
30021,0
30017,0
44909,0
30006,0
29981,0
44915,0
44918,0
46191,0
29939,0
44925,0
80697,0
29902,0
44931,0
53831,0
36308,0
38906,0
62087,0
29846,0
29840,0
44946,0
29793,0
29783,0
29765,0
44966,0
44967,0
44968,0
39983,0
80703,0
139661,0
29722,0
61198,0
44982,0
71698,0
80704,0
29672,0
29666,0
80706,0
44994,0
29636,0
46414,0
38984,0
29606,0
29602,0
45018,0
45020,0
29585,0
29566,0
80709,0
29555,0
29552,0
29534,0
45034,0
44125,0
45036,0
29513,0
49799,0
29485,0
39534,0
45044,0
45048,0
64434,0
63818,0
45052,0
70663,0
62185,0
45061,0
78913,0
45068,0
59785,0
45078,0
38626,0
29320,0
45083,0
80720,0
29280,0
80721,0
45094,0
29254,0
29240,0
45109,0
55211,0
45115,0
41866,0
45123,0
60186,0
45130,0
29158,0
63972,0
132395,0
134614,0
29109,0
29088,0
29068,0
29069,0
80728,0
29052,0
45158,0
80731,0
29038,0
47947,0
45167,0
134234,0
28979,0
45179,0
134105,0
62420,0
45197,0
132587,0
28897,0
45200,0
28883,0
28879,0
28868,0
45206,0
45211,0
45214,0
46279,0
28811,0
28800,0
138489,0
141395,0
137987,0
45226,0
45228,0
45236,0
80743,0
136465,0
136466,0
31237,0
139853,0
28730,0
45249,0
80746,0
80747,0
45252,0
45254,0
28700,0
28697,0
152248,0
40026,0
45263,0
28675,0
136461,0
45269,0
80749,0
80751,0
28636,0
28591,0
140120,0
28581,0
80753,0
45291,0
144770,0
143155,0
146055,0
80754,0
45305,0
45307,0
28486,0
58624,0
28474,0
45315,0
145897,0
28441,0
144987,0
141909,0
146088,0
28418,0
146250,0
146101,0
28390,0
146048,0
70180,0
45337,0
141869,0
141874,0
80756,0
45353,0
45354,0
144738,0
45357,0
141577,0
45359,0
80760,0
145962,0
45365,0
45366,0
28306,0
28272,0
142995,0
45375,0
45376,0
28247,0
45380,0
80763,0
136327,0
28217,0
28216,0
136370,0
134599,0
28208,0
45398,0
28181,0
45403,0
45405,0
132036,0
45408,0
136218,0
26482,0
132368,0
28101,0
80767,0
28068,0
132319,0
45423,0
45424,0
80769,0
45427,0
45428,0
45430,0
132154,0
28024,0
27999,0
132048,0
138515,0
80774,0
138517,0
45453,0
80775,0
139584,0
80776,0
27884,0
138097,0
138098,0
45466,0
138569,0
139889,0
141422,0
139688,0
136568,0
45484,0
27792,0
45487,0
38492,0
139746,0
136666,0
27775,0
138020,0
45499,0
45501,0
138526,0
140076,0
45505,0
45506,0
139597,0
45517,0
45524,0
27647,0
139659,0
136708,0
136743,0
46300,0
80787,0
45534,0
141937,0
27596,0
41799,0
141658,0
143076,0
45546,0
143124,0
45550,0
72094,0
45554,0
80789,0
27506,0
146031,0
27481,0
27480,0
144821,0
143502,0
45575,0
144940,0
27435,0
80793,0
141635,0
45593,0
141932,0
27374,0
141710,0
45602,0
45603,0
143448,0
45605,0
80795,0
45618,0
45619,0
141729,0
146193,0
150565,0
45637,0
146241,0
148434,0
45649,0
27132,0
45652,0
32708,0
80800,0
147259,0
27117,0
80801,0
45664,0
150581,0
148544,0
147191,0
45675,0
38506,0
45680,0
26487,0
45687,0
149655,0
147448,0
147473,0
151643,0
45706,0
45707,0
45709,0
45710,0
152327,0
152276,0
45714,0
45715,0
26941,0
63491,0
152951,0
26911,0
26909,0
46959,0
45730,0
80818,0
80819,0
45734,0
46334,0
26851,0
26799,0
62447,0
26790,0
45757,0
45761,0
80822,0
26772,0
152947,0
45766,0
70359,0
153582,0
45773,0
151560,0
26719,0
45780,0
152406,0
40077,0
45787,0
45648,0
45793,0
80828,0
61844,0
45800,0
80829,0
42573,0
42752,0
62591,0
80831,0
143435,0
38288,0
54158,0
45815,0
71452,0
45831,0
80833,0
45836,0
45839,0
67440,0
68335,0
45854,0
45855,0
45859,0
80836,0
50372,0
45869,0
45872,0
45873,0
45874,0
45883,0
37964,0
65327,0
26358,0
45894,0
49340,0
76021,0
45905,0
59363,0
45916,0
45923,0
45926,0
45931,0
45932,0
45937,0
45938,0
44360,0
74692,0
79217,0
45956,0
55283,0
55864,0
39536,0
45981,0
63231,0
53827,0
55288,0
46000,0
46001,0
117211,0
46025,0
42100,0
71403,0
46044,0
61661,0
74188,0
46061,0
117187,0
117304,0
46081,0
125197,0
121603,0
124874,0
119625,0
77071,0
46105,0
46106,0
125146,0
46110,0
46111,0
77073,0
121648,0
125218,0
46120,0
122350,0
46131,0
122518,0
46137,0
122287,0
122347,0
46152,0
122297,0
46163,0
46179,0
46180,0
127235,0
46194,0
46199,0
127931,0
129783,0
127582,0
46215,0
46218,0
46219,0
127539,0
46229,0
46230,0
46236,0
46237,0
46241,0
46243,0
46244,0
46245,0
67722,0
46247,0
125391,0
46255,0
127575,0
46257,0
46259,0
46260,0
46261,0
46265,0
127620,0
127924,0
46268,0
130210,0
69742,0
68130,0
46274,0
46286,0
46290,0
46293,0
46294,0
46297,0
51396,0
60057,0
46301,0
46303,0
60220,0
46316,0
46318,0
46320,0
75143,0
46330,0
130311,0
130309,0
70859,0
46350,0
61473,0
46363,0
46366,0
70451,0
46370,0
45680,0
46389,0
59852,0
38051,0
46393,0
68013,0
38930,0
69906,0
46402,0
46405,0
46939,0
46410,0
57056,0
76462,0
46432,0
67400,0
46443,0
46444,0
46449,0
46451,0
79452,0
79453,0
79454,0
36093,0
46457,0
46463,0
44449,0
46477,0
46483,0
46487,0
54081,0
48303,0
46505,0
36840,0
54787,0
46517,0
46520,0
46522,0
46527,0
75173,0
75554,0
46541,0
67006,0
46546,0
65972,0
46551,0
46554,0
61221,0
46562,0
46573,0
46578,0
77060,0
46587,0
38385,0
36343,0
46597,0
46601,0
46603,0
148641,0
46613,0
152277,0
151580,0
148587,0
46633,0
149675,0
77161,0
46646,0
46650,0
148406,0
55633,0
150510,0
149714,0
71122,0
46662,0
149475,0
149600,0
152170,0
46684,0
46686,0
62698,0
46696,0
152974,0
153001,0
77793,0
46708,0
61469,0
75045,0
46727,0
46729,0
40857,0
46760,0
46761,0
49725,0
46766,0
46768,0
46507,0
46776,0
46779,0
36913,0
46791,0
46801,0
46614,0
46809,0
46810,0
46816,0
54724,0
46824,0
46826,0
74758,0
46832,0
39271,0
45001,0
78628,0
46847,0
46850,0
49203,0
46852,0
59634,0
46856,0
67530,0
46862,0
77198,0
78218,0
78219,0
50967,0
46021,0
41435,0
75012,0
51964,0
46917,0
46919,0
40462,0
46922,0
58675,0
46931,0
46932,0
46933,0
46939,0
46940,0
44407,0
46949,0
46959,0
46540,0
44195,0
43091,0
61046,0
132193,0
132323,0
46987,0
46990,0
132178,0
47004,0
132181,0
132726,0
47014,0
47018,0
47026,0
69329,0
132537,0
132044,0
47056,0
47063,0
47068,0
136481,0
47079,0
136762,0
136588,0
47088,0
34618,0
139759,0
47121,0
136518,0
47133,0
136745,0
143144,0
143092,0
141896,0
143358,0
141737,0
47150,0
47152,0
76138,0
47158,0
47160,0
47164,0
143005,0
47172,0
143496,0
47176,0
47178,0
140152,0
143134,0
141847,0
47190,0
47191,0
140128,0
141655,0
47200,0
47202,0
143393,0
140178,0
47215,0
143387,0
47222,0
141413,0
141465,0
146207,0
147268,0
145056,0
47237,0
144998,0
144860,0
47244,0
146296,0
47254,0
117124,0
47267,0
146267,0
47273,0
117156,0
60246,0
117108,0
47294,0
119336,0
47302,0
117344,0
47314,0
117355,0
47318,0
117369,0
47331,0
47336,0
118895,0
47346,0
47350,0
47356,0
117343,0
117244,0
47368,0
121814,0
47380,0
47381,0
122637,0
121818,0
124775,0
122317,0
124828,0
47407,0
122675,0
47421,0
47423,0
121775,0
47427,0
47430,0
122456,0
47432,0
124873,0
76148,0
47438,0
47440,0
121726,0
47447,0
134304,0
47456,0
125030,0
47466,0
125077,0
47470,0
127355,0
47476,0
47477,0
127299,0
47485,0
127268,0
47493,0
127873,0
47505,0
125595,0
127853,0
127630,0
127725,0
52784,0
47544,0
130182,0
129872,0
130010,0
129739,0
47561,0
132010,0
47566,0
71273,0
47573,0
47575,0
47578,0
132449,0
47587,0
130354,0
47592,0
47595,0
47596,0
130000,0
43500,0
131998,0
132291,0
47624,0
50121,0
132029,0
132552,0
52798,0
65147,0
134211,0
47651,0
77333,0
47657,0
47658,0
47663,0
47666,0
132690,0
132723,0
134172,0
47682,0
134108,0
134109,0
136335,0
134140,0
134222,0
47698,0
134113,0
136489,0
47704,0
134799,0
47711,0
132500,0
47718,0
47722,0
46665,0
139882,0
138497,0
138388,0
139566,0
47761,0
139922,0
138319,0
73766,0
47786,0
138484,0
47791,0
138381,0
139574,0
47801,0
47810,0
143592,0
153495,0
143258,0
143259,0
47831,0
141866,0
47836,0
53163,0
143483,0
65179,0
47844,0
47846,0
47853,0
36676,0
47855,0
47859,0
143255,0
143071,0
47864,0
140165,0
143522,0
47870,0
47871,0
143487,0
47881,0
47882,0
47884,0
47892,0
47893,0
47897,0
47900,0
148365,0
147287,0
47916,0
144912,0
77382,0
147111,0
47929,0
47930,0
146102,0
47936,0
47938,0
63955,0
47947,0
145978,0
47958,0
47967,0
150586,0
35559,0
47983,0
152299,0
152265,0
150466,0
150467,0
47999,0
59078,0
150459,0
35560,0
48015,0
48016,0
48020,0
48021,0
48024,0
48027,0
48031,0
152185,0
48036,0
150442,0
149678,0
48045,0
48049,0
79302,0
153521,0
48058,0
51617,0
48061,0
48066,0
153498,0
153098,0
48085,0
53966,0
48099,0
137990,0
76081,0
48103,0
48107,0
48109,0
48117,0
67786,0
48122,0
48127,0
57545,0
77417,0
65240,0
48144,0
41691,0
48152,0
48154,0
48159,0
48161,0
48163,0
56107,0
48177,0
74052,0
43196,0
71687,0
48193,0
48199,0
48203,0
48206,0
78246,0
48209,0
77431,0
48214,0
48215,0
48219,0
48222,0
78448,0
48228,0
52633,0
48238,0
74555,0
48246,0
60806,0
80021,0
48260,0
51440,0
48274,0
79945,0
48284,0
48285,0
48288,0
48290,0
48295,0
60056,0
48303,0
48307,0
48311,0
48315,0
48316,0
58664,0
71403,0
48323,0
79344,0
48327,0
46764,0
41451,0
51122,0
48338,0
75620,0
77211,0
60235,0
73528,0
77453,0
65546,0
66547,0
48359,0
61983,0
37667,0
48365,0
48373,0
48374,0
40554,0
46772,0
74234,0
48388,0
76156,0
48393,0
53372,0
48399,0
80486,0
48402,0
48403,0
48406,0
48416,0
66462,0
48428,0
67689,0
48432,0
60344,0
40565,0
48442,0
48446,0
52937,0
55828,0
48459,0
62260,0
48462,0
48464,0
64410,0
48470,0
48476,0
48484,0
62826,0
48489,0
48490,0
39634,0
62019,0
35574,0
48499,0
38299,0
72096,0
49838,0
48510,0
66511,0
48514,0
62670,0
80098,0
77479,0
48527,0
48529,0
46855,0
48535,0
48536,0
48542,0
48546,0
48549,0
63161,0
71608,0
65788,0
48557,0
77486,0
117335,0
48573,0
48579,0
48580,0
48581,0
48582,0
117161,0
48591,0
48592,0
48593,0
117330,0
59178,0
48600,0
48602,0
35466,0
48609,0
63555,0
48611,0
117138,0
48620,0
122571,0
48630,0
80587,0
119319,0
48650,0
122015,0
121613,0
122001,0
48666,0
48667,0
121751,0
121752,0
121753,0
119539,0
48675,0
121749,0
121750,0
48681,0
48687,0
48688,0
48690,0
124765,0
64925,0
48699,0
48704,0
121728,0
52975,0
48719,0
48720,0
125634,0
125635,0
125636,0
125299,0
127303,0
127239,0
77515,0
48751,0
46831,0
48761,0
127626,0
125085,0
127465,0
48773,0
124973,0
125044,0
48804,0
125638,0
125616,0
125617,0
48813,0
68938,0
48827,0
48831,0
127932,0
58072,0
130189,0
48849,0
129853,0
48852,0
53223,0
71490,0
44371,0
130072,0
68555,0
48874,0
45603,0
61737,0
48879,0
128024,0
129690,0
129691,0
48887,0
48895,0
48902,0
130245,0
48908,0
48909,0
48913,0
60831,0
59086,0
48919,0
43322,0
46857,0
75002,0
48931,0
72061,0
72816,0
48946,0
68019,0
48948,0
40539,0
40540,0
45254,0
48954,0
48955,0
46329,0
48958,0
73045,0
42486,0
71273,0
48973,0
147478,0
78630,0
78631,0
48978,0
76107,0
48982,0
48988,0
48994,0
37683,0
49002,0
49003,0
49005,0
148296,0
49016,0
49021,0
148615,0
149536,0
41527,0
49036,0
49037,0
49040,0
77563,0
49048,0
49050,0
148579,0
149524,0
149525,0
51331,0
49084,0
49086,0
153025,0
49090,0
49091,0
49098,0
49103,0
49106,0
153077,0
151655,0
151626,0
49123,0
49124,0
49130,0
49133,0
49141,0
49143,0
49148,0
49152,0
49165,0
49177,0
49179,0
54740,0
66523,0
70137,0
75936,0
55733,0
49203,0
49204,0
49207,0
49208,0
49209,0
49211,0
62282,0
79927,0
39771,0
46907,0
40703,0
49225,0
49226,0
49238,0
76757,0
49245,0
49246,0
49247,0
50120,0
49254,0
44419,0
43317,0
49264,0
49268,0
49270,0
45354,0
49274,0
49275,0
41390,0
41391,0
49279,0
49280,0
49284,0
49285,0
49293,0
32483,0
49294,0
50381,0
35599,0
49309,0
49314,0
49316,0
49319,0
38768,0
70377,0
145989,0
49340,0
49355,0
49356,0
49361,0
49367,0
49369,0
49372,0
49383,0
48315,0
49388,0
49394,0
49400,0
49401,0
49404,0
49409,0
49413,0
49417,0
56935,0
49422,0
49429,0
49430,0
49431,0
49432,0
49437,0
49439,0
49445,0
49447,0
49448,0
49451,0
49455,0
69774,0
49821,0
49459,0
49470,0
59321,0
55672,0
49483,0
49489,0
49495,0
132468,0
49504,0
132344,0
132345,0
132682,0
49513,0
132488,0
134370,0
49519,0
133464,0
132520,0
49530,0
132622,0
132179,0
134726,0
49548,0
26950,0
77642,0
49555,0
132160,0
132161,0
134502,0
49563,0
49567,0
132576,0
49575,0
49578,0
134401,0
49581,0
136777,0
49589,0
49592,0
49598,0
138432,0
49608,0
46967,0
49611,0
136525,0
136274,0
136647,0
136752,0
136438,0
26771,0
136566,0
138284,0
49636,0
49639,0
137974,0
49650,0
49652,0
49657,0
138449,0
49660,0
49662,0
136531,0
49664,0
49666,0
141400,0
139944,0
140143,0
44283,0
143002,0
49697,0
143149,0
49700,0
141410,0
141769,0
141922,0
143253,0
49723,0
29205,0
141642,0
143280,0
143073,0
141816,0
49742,0
49744,0
49745,0
49747,0
49748,0
49751,0
49762,0
49773,0
49780,0
49782,0
143411,0
49787,0
49796,0
143334,0
144942,0
144903,0
146213,0
143495,0
143587,0
144955,0
145949,0
49820,0
49821,0
46694,0
49838,0
146168,0
49846,0
49847,0
49848,0
117269,0
32545,0
49858,0
49859,0
49860,0
117102,0
147227,0
49875,0
49882,0
49883,0
49888,0
28825,0
147208,0
147133,0
117273,0
117188,0
146291,0
118827,0
49901,0
75711,0
49906,0
121771,0
49912,0
30941,0
119473,0
119305,0
122039,0
49918,0
49922,0
49923,0
119311,0
31023,0
118395,0
868053,0
31154,0
123224,0
121650,0
49940,0
49941,0
49942,0
40829,0
49945,0
49953,0
119041,0
119130,0
49959,0
49963,0
49972,0
49981,0
49985,0
125258,0
49994,0
125285,0
49997,0
49998,0
50004,0
50005,0
50006,0
26781,0
50017,0
124981,0
122455,0
50051,0
50052,0
124816,0
50056,0
40848,0
47045,0
50070,0
50084,0
50087,0
125392,0
50095,0
50098,0
50099,0
50100,0
127864,0
127746,0
50109,0
50112,0
127690,0
50115,0
50120,0
50123,0
127930,0
71698,0
125430,0
129744,0
129668,0
32080,0
127595,0
50154,0
32723,0
129642,0
50164,0
50171,0
66493,0
50176,0
50177,0
50178,0
50181,0
50190,0
129881,0
50195,0
50197,0
50200,0
132446,0
50206,0
50209,0
50215,0
40502,0
50221,0
50223,0
129746,0
129813,0
132246,0
50228,0
132117,0
50232,0
50242,0
132166,0
132167,0
50249,0
50251,0
50252,0
134751,0
50259,0
50263,0
50265,0
134176,0
50268,0
50272,0
50279,0
27820,0
134784,0
136386,0
77764,0
136389,0
50290,0
50293,0
50297,0
50298,0
134798,0
134705,0
50318,0
136529,0
50324,0
59460,0
134475,0
134601,0
134505,0
50342,0
28407,0
28421,0
50355,0
136577,0
50363,0
139625,0
50367,0
50372,0
50374,0
50381,0
50385,0
50386,0
50394,0
50396,0
138012,0
138528,0
138215,0
138411,0
29927,0
71749,0
50430,0
50431,0
141795,0
50449,0
71753,0
141898,0
50460,0
141832,0
143143,0
40573,0
141709,0
67734,0
50477,0
50481,0
141755,0
30563,0
141429,0
50489,0
50509,0
50515,0
50517,0
50518,0
145912,0
50525,0
145908,0
144800,0
31727,0
50534,0
145973,0
144852,0
144850,0
50545,0
50548,0
50553,0
50554,0
50555,0
147146,0
146145,0
50561,0
145116,0
44009,0
50567,0
147109,0
144798,0
143498,0
71772,0
50580,0
146275,0
146030,0
50586,0
50587,0
146097,0
50591,0
50595,0
149476,0
77814,0
50600,0
50601,0
50602,0
50605,0
50610,0
40951,0
33819,0
148524,0
148525,0
50622,0
50625,0
40579,0
50640,0
148283,0
150641,0
147335,0
80781,0
50657,0
50665,0
147486,0
50670,0
50671,0
50674,0
151549,0
152298,0
50680,0
50681,0
153499,0
153500,0
153501,0
50691,0
50698,0
26630,0
50701,0
30681,0
152197,0
50709,0
50712,0
50713,0
151675,0
152388,0
153477,0
50720,0
152982,0
50743,0
153100,0
69026,0
72672,0
50752,0
50754,0
50755,0
50757,0
50760,0
50764,0
50766,0
50767,0
50771,0
51923,0
50782,0
74922,0
50785,0
43922,0
61845,0
50795,0
73998,0
50805,0
50806,0
50809,0
50814,0
64090,0
28389,0
74299,0
50836,0
74349,0
51481,0
51482,0
50844,0
28744,0
50847,0
50849,0
50853,0
77854,0
72821,0
50856,0
54636,0
28958,0
50863,0
50866,0
50872,0
46768,0
50877,0
50878,0
128270,0
49081,0
77862,0
71823,0
62638,0
50917,0
59778,0
50925,0
50926,0
77454,0
77870,0
30416,0
76546,0
61015,0
50954,0
50959,0
57482,0
73605,0
50967,0
41214,0
53933,0
72942,0
51001,0
51004,0
51008,0
51010,0
51021,0
51022,0
58407,0
51033,0
51036,0
45555,0
50537,0
60461,0
51063,0
36544,0
51072,0
51075,0
36852,0
51080,0
51085,0
34055,0
51093,0
51096,0
67699,0
66910,0
51102,0
51105,0
51106,0
47224,0
51114,0
68909,0
51122,0
47225,0
51124,0
51128,0
42733,0
80628,0
80629,0
45839,0
51139,0
51143,0
51146,0
33379,0
51152,0
51153,0
51158,0
77906,0
51176,0
39381,0
51179,0
37256,0
51324,0
51184,0
33859,0
51189,0
65753,0
51195,0
51199,0
80730,0
80665,0
51211,0
51212,0
61498,0
118144,0
34240,0
51236,0
34606,0
51245,0
42535,0
47247,0
58659,0
80503,0
51261,0
51271,0
121591,0
51279,0
51282,0
119024,0
51289,0
51296,0
121655,0
51307,0
51314,0
119210,0
118928,0
51331,0
51333,0
41083,0
51341,0
122585,0
51347,0
51350,0
121797,0
122291,0
71904,0
122311,0
124806,0
51392,0
121751,0
121752,0
121753,0
51396,0
122405,0
122308,0
122242,0
121912,0
51416,0
122137,0
51421,0
122060,0
51429,0
51433,0
51440,0
51441,0
125365,0
77953,0
125131,0
51451,0
127329,0
51466,0
124919,0
51472,0
125624,0
51481,0
51482,0
59655,0
51490,0
51491,0
127275,0
51517,0
51520,0
51526,0
51528,0
51529,0
51532,0
130126,0
51540,0
51541,0
51543,0
51553,0
51555,0
130042,0
129684,0
129685,0
51564,0
51571,0
51577,0
51581,0
47299,0
51590,0
51594,0
127995,0
130308,0
51598,0
51607,0
127731,0
51610,0
130406,0
130294,0
30870,0
51623,0
51626,0
118769,0
51628,0
51631,0
51636,0
51637,0
51639,0
130483,0
31123,0
51648,0
51651,0
51656,0
51666,0
118877,0
118795,0
51679,0
77996,0
130431,0
119324,0
119321,0
119457,0
51713,0
121631,0
51728,0
51731,0
119651,0
119653,0
51738,0
51739,0
121858,0
51745,0
119427,0
51750,0
51760,0
51764,0
121877,0
51768,0
51769,0
119549,0
51777,0
51787,0
51789,0
51793,0
125092,0
122277,0
51802,0
51806,0
51807,0
27564,0
125252,0
122349,0
122169,0
51823,0
122441,0
124857,0
51844,0
78023,0
122125,0
124882,0
51858,0
51860,0
125557,0
71985,0
125485,0
126607,0
125501,0
34624,0
51897,0
127566,0
51909,0
51911,0
51917,0
51918,0
51919,0
51921,0
51922,0
51923,0
127661,0
51929,0
127463,0
125482,0
51948,0
45992,0
51956,0
51961,0
51962,0
26956,0
51964,0
127982,0
51972,0
51993,0
130269,0
27852,0
129674,0
130310,0
52001,0
130175,0
128090,0
52023,0
52029,0
130240,0
72814,0
52034,0
130163,0
52039,0
52042,0
52047,0
77488,0
52056,0
47388,0
76700,0
52065,0
78060,0
67255,0
47390,0
52072,0
69057,0
52075,0
52077,0
50534,0
52096,0
56901,0
41929,0
52105,0
52108,0
28428,0
52113,0
63881,0
52122,0
74667,0
43224,0
52132,0
52142,0
65992,0
52154,0
47401,0
72651,0
52158,0
52165,0
65633,0
34308,0
52187,0
149400,0
52201,0
66080,0
52204,0
29356,0
52209,0
78082,0
52215,0
52219,0
149616,0
52235,0
148588,0
149408,0
148432,0
39891,0
52247,0
52254,0
52255,0
52261,0
152434,0
152318,0
52272,0
153517,0
72043,0
52284,0
52294,0
151506,0
52299,0
52300,0
152320,0
152321,0
152322,0
152990,0
152273,0
151514,0
52321,0
78101,0
52326,0
150612,0
52337,0
52339,0
31432,0
44385,0
52358,0
31487,0
52363,0
52367,0
52368,0
52369,0
38324,0
79746,0
52383,0
52387,0
70213,0
74035,0
72681,0
52395,0
52398,0
55380,0
31705,0
52406,0
39346,0
52410,0
52416,0
32977,0
47446,0
52421,0
52425,0
52428,0
52434,0
29752,0
78118,0
52451,0
38686,0
52455,0
52457,0
47708,0
52478,0
52480,0
52482,0
32303,0
52488,0
56030,0
59827,0
52512,0
52515,0
47463,0
52525,0
52530,0
52532,0
33027,0
52540,0
52543,0
62787,0
52545,0
75550,0
75551,0
72092,0
52555,0
52556,0
52564,0
52565,0
52571,0
45618,0
52584,0
52589,0
52594,0
52597,0
52608,0
52610,0
52614,0
52616,0
52617,0
52618,0
47479,0
41308,0
52622,0
72105,0
28793,0
52636,0
52644,0
52645,0
52648,0
33980,0
52659,0
61900,0
52672,0
52673,0
132089,0
132603,0
131994,0
50017,0
52699,0
52700,0
52701,0
52709,0
52715,0
132206,0
132207,0
52719,0
132412,0
132220,0
52728,0
52729,0
132485,0
52754,0
136404,0
52761,0
134506,0
134507,0
136368,0
52767,0
34710,0
52773,0
134659,0
52775,0
52776,0
76313,0
136219,0
52785,0
52789,0
52797,0
136608,0
52814,0
52815,0
134813,0
52819,0
134625,0
26402,0
52827,0
136255,0
52839,0
52841,0
136744,0
52847,0
139679,0
138018,0
138482,0
52857,0
52859,0
139565,0
52863,0
139701,0
139702,0
52866,0
72149,0
52871,0
139641,0
52877,0
52881,0
52882,0
138231,0
52889,0
138347,0
138010,0
52899,0
52900,0
52902,0
52909,0
52911,0
140080,0
52923,0
141626,0
52933,0
78193,0
27432,0
141725,0
52942,0
52943,0
52946,0
52948,0
141510,0
143285,0
52957,0
72162,0
52961,0
141500,0
142000,0
52967,0
141723,0
52974,0
143272,0
34498,0
34499,0
141377,0
141378,0
78201,0
140440,0
140199,0
52984,0
141432,0
52988,0
27739,0
52991,0
143300,0
52996,0
53002,0
59226,0
28010,0
53017,0
144792,0
53025,0
72702,0
53029,0
78209,0
143431,0
146229,0
53046,0
53062,0
144968,0
143395,0
53066,0
53067,0
53072,0
53076,0
78216,0
146202,0
78218,0
78219,0
53091,0
53103,0
35319,0
53107,0
78223,0
53112,0
53114,0
53116,0
53120,0
41389,0
53125,0
72188,0
53145,0
78230,0
53149,0
147445,0
53163,0
147243,0
78234,0
143229,0
53178,0
53179,0
53184,0
53185,0
53190,0
53194,0
53196,0
53200,0
72822,0
53225,0
78246,0
53241,0
53242,0
53250,0
53257,0
33445,0
53269,0
53274,0
138625,0
138125,0
130195,0
53280,0
53289,0
53291,0
53305,0
53307,0
53308,0
53313,0
35366,0
53334,0
53350,0
53353,0
53359,0
53372,0
53375,0
53379,0
47610,0
53384,0
53389,0
53390,0
53393,0
53394,0
53399,0
47614,0
121795,0
30652,0
53416,0
53417,0
53424,0
53453,0
53459,0
41447,0
35379,0
53476,0
132231,0
53484,0
53485,0
53493,0
35382,0
53503,0
144945,0
53511,0
53513,0
53520,0
53538,0
59244,0
28661,0
78299,0
53562,0
53566,0
53579,0
41466,0
53593,0
53594,0
53605,0
47646,0
53612,0
53614,0
53615,0
53623,0
53625,0
116504,0
53640,0
53641,0
53645,0
53648,0
53651,0
53656,0
53665,0
53666,0
53667,0
35404,0
53680,0
53693,0
152284,0
53701,0
116456,0
53714,0
53715,0
53719,0
53723,0
53730,0
53733,0
53734,0
53740,0
53742,0
53757,0
53784,0
53785,0
53789,0
53795,0
32750,0
53819,0
53826,0
66608,0
53836,0
53840,0
53842,0
53843,0
47688,0
53849,0
47689,0
53859,0
53860,0
53861,0
53862,0
47690,0
53873,0
78349,0
28827,0
62476,0
53887,0
72315,0
47696,0
53894,0
58519,0
53921,0
53922,0
53926,0
53927,0
72322,0
53937,0
53938,0
53941,0
72731,0
34745,0
53951,0
53952,0
53961,0
53978,0
72732,0
29541,0
53987,0
53991,0
136337,0
127780,0
54019,0
54020,0
29817,0
54035,0
54046,0
54056,0
54060,0
134715,0
54068,0
75167,0
54081,0
79359,0
54110,0
72736,0
54121,0
54125,0
54126,0
54134,0
34789,0
47738,0
54143,0
35732,0
54150,0
54153,0
54155,0
41560,0
54158,0
54162,0
72361,0
54172,0
72362,0
54185,0
54190,0
54193,0
41567,0
72367,0
54205,0
54209,0
54212,0
54213,0
54216,0
72370,0
54226,0
73881,0
141633,0
71519,0
138445,0
54247,0
54255,0
54256,0
54262,0
44662,0
54269,0
54271,0
72381,0
54289,0
54299,0
54300,0
54302,0
31730,0
60133,0
54313,0
54340,0
54342,0
72389,0
54350,0
31894,0
54361,0
54362,0
54365,0
32117,0
149534,0
32269,0
54376,0
78432,0
32347,0
148602,0
53382,0
54391,0
32544,0
54397,0
54399,0
32655,0
54415,0
57604,0
54429,0
32721,0
54440,0
32886,0
54447,0
78748,0
60152,0
54454,0
33346,0
78441,0
33375,0
33460,0
54477,0
54478,0
54479,0
54486,0
54488,0
74600,0
54491,0
54497,0
33617,0
54511,0
54512,0
60163,0
59276,0
72418,0
33755,0
54532,0
54537,0
54540,0
54541,0
33781,0
33790,0
78458,0
54562,0
33891,0
54568,0
54569,0
33943,0
34117,0
54596,0
54597,0
54602,0
53960,0
54613,0
34465,0
45353,0
34504,0
54623,0
54627,0
54632,0
54633,0
54636,0
54639,0
54644,0
35425,0
75897,0
54661,0
54663,0
54664,0
54665,0
35427,0
54670,0
35428,0
54676,0
51466,0
147470,0
35430,0
35431,0
54695,0
72446,0
54701,0
54705,0
54720,0
54731,0
54735,0
35441,0
54740,0
54741,0
130153,0
54751,0
35607,0
54753,0
54758,0
54760,0
35445,0
69659,0
69826,0
54769,0
54772,0
54778,0
54780,0
65781,0
54787,0
54788,0
54811,0
26887,0
54814,0
54817,0
54820,0
54821,0
54827,0
73991,0
54837,0
54846,0
72471,0
54862,0
54005,0
54869,0
54888,0
130355,0
35465,0
54898,0
72478,0
54905,0
54908,0
54911,0
54915,0
54918,0
54920,0
119484,0
54930,0
54931,0
54934,0
54935,0
54936,0
54945,0
141899,0
35478,0
54966,0
54967,0
54970,0
72494,0
152313,0
54992,0
35485,0
55012,0
55029,0
33541,0
35489,0
150648,0
150649,0
76374,0
55048,0
55049,0
55050,0
55054,0
72768,0
55059,0
55061,0
33544,0
55073,0
55074,0
55078,0
55079,0
55081,0
55082,0
55090,0
55092,0
78216,0
55094,0
55095,0
55103,0
55109,0
143193,0
55119,0
153473,0
153609,0
140029,0
141409,0
72519,0
78546,0
55143,0
55148,0
55151,0
55156,0
55160,0
77984,0
55174,0
55178,0
55191,0
55199,0
55213,0
55226,0
78563,0
55247,0
35529,0
55261,0
55263,0
71557,0
71508,0
78776,0
55284,0
78568,0
74005,0
35328,0
55305,0
153530,0
153531,0
55315,0
35540,0
55321,0
59621,0
55323,0
35541,0
55325,0
55330,0
145005,0
55334,0
55344,0
55347,0
55350,0
36986,0
54080,0
55358,0
55359,0
55360,0
44485,0
55366,0
55370,0
55378,0
55380,0
56389,0
72096,0
144888,0
55407,0
55410,0
55415,0
35557,0
55422,0
140122,0
35558,0
55436,0
55447,0
55461,0
72780,0
55464,0
55474,0
31603,0
55488,0
55490,0
35568,0
55503,0
132627,0
133588,0
55515,0
55517,0
55518,0
132456,0
55529,0
55533,0
55536,0
55540,0
55541,0
35575,0
55552,0
55555,0
55556,0
55557,0
134515,0
55570,0
55574,0
60335,0
55589,0
70869,0
55596,0
55597,0
80009,0
55609,0
134806,0
78614,0
55622,0
55627,0
55631,0
44495,0
55637,0
134492,0
134493,0
55646,0
72137,0
134126,0
55661,0
55664,0
55667,0
78790,0
55684,0
55689,0
55700,0
54140,0
55710,0
59399,0
55716,0
55726,0
55731,0
55733,0
35606,0
55748,0
140068,0
55756,0
55758,0
72627,0
55766,0
138212,0
55779,0
55796,0
55804,0
55806,0
55807,0
55822,0
147312,0
55828,0
55830,0
55832,0
55833,0
55834,0
147163,0
55837,0
55850,0
55855,0
55871,0
55874,0
55875,0
55879,0
55905,0
55908,0
55909,0
55912,0
55928,0
55936,0
33628,0
55949,0
55956,0
55957,0
75222,0
35621,0
152337,0
55968,0
55969,0
55975,0
55976,0
55977,0
55983,0
55984,0
55986,0
35625,0
55999,0
136302,0
48030,0
56007,0
56010,0
56011,0
35630,0
56019,0
145981,0
72672,0
56034,0
144837,0
144838,0
60414,0
56041,0
56047,0
56051,0
56056,0
56077,0
56084,0
35641,0
56088,0
56097,0
35643,0
56103,0
56107,0
56114,0
56117,0
56119,0
56124,0
56136,0
56147,0
56148,0
56156,0
56161,0
56167,0
64648,0
78236,0
56199,0
56203,0
56207,0
56219,0
35664,0
35666,0
56235,0
56237,0
56239,0
72708,0
56244,0
56249,0
56251,0
56256,0
35671,0
56271,0
31819,0
56275,0
80036,0
151652,0
56284,0
56299,0
56300,0
60460,0
56309,0
56311,0
35679,0
146005,0
56317,0
38286,0
56322,0
56336,0
66599,0
56338,0
56342,0
56343,0
35743,0
56350,0
38427,0
72726,0
77940,0
56366,0
56375,0
56377,0
56378,0
56384,0
35690,0
56389,0
38646,0
56403,0
121823,0
56406,0
35694,0
75238,0
35696,0
56433,0
124914,0
56440,0
41945,0
56456,0
56457,0
35702,0
56470,0
56471,0
56483,0
56489,0
35706,0
56492,0
80808,0
72816,0
56502,0
72753,0
56509,0
78760,0
56524,0
56530,0
42093,0
56543,0
56553,0
56554,0
56560,0
56564,0
56565,0
56568,0
60507,0
56577,0
35721,0
56585,0
56588,0
56593,0
56601,0
56605,0
150453,0
56623,0
56628,0
56636,0
56637,0
56639,0
56640,0
56641,0
56645,0
56655,0
56656,0
70204,0
56658,0
78785,0
56662,0
54378,0
56668,0
56673,0
72779,0
56675,0
56676,0
56677,0
56685,0
56689,0
56691,0
77633,0
26810,0
56701,0
31708,0
56715,0
35741,0
35742,0
56845,0
56730,0
56735,0
29245,0
56746,0
72792,0
56748,0
56750,0
56751,0
56752,0
56757,0
56764,0
35748,0
58876,0
56772,0
56774,0
56777,0
35753,0
35754,0
56800,0
129702,0
31890,0
56832,0
56837,0
78815,0
72810,0
56863,0
56865,0
56866,0
56882,0
56885,0
56886,0
56892,0
56894,0
56899,0
56901,0
56904,0
56905,0
56910,0
56911,0
56912,0
56913,0
56915,0
56916,0
56923,0
125008,0
134764,0
56935,0
56939,0
147279,0
56951,0
72826,0
72827,0
127511,0
56957,0
45494,0
136175,0
72831,0
56986,0
78840,0
57001,0
57008,0
57017,0
57022,0
57028,0
57031,0
57035,0
57040,0
136521,0
136522,0
57056,0
129957,0
57061,0
57063,0
57064,0
42050,0
57080,0
57087,0
79449,0
57095,0
54385,0
57116,0
121942,0
46408,0
34039,0
57134,0
144804,0
57138,0
57142,0
57151,0
57152,0
57156,0
57157,0
57168,0
57175,0
57180,0
57183,0
57184,0
57185,0
57187,0
139701,0
139702,0
57194,0
57200,0
57207,0
57212,0
57216,0
57218,0
57227,0
43317,0
57231,0
57232,0
57240,0
57241,0
78881,0
57249,0
57251,0
75268,0
57262,0
57266,0
57267,0
57279,0
57280,0
58879,0
57308,0
54422,0
57317,0
57319,0
57320,0
57325,0
57326,0
78898,0
31638,0
57340,0
34802,0
57343,0
57345,0
57346,0
57353,0
57358,0
57363,0
143401,0
143402,0
57385,0
57386,0
57399,0
44552,0
71630,0
57417,0
57419,0
57425,0
57440,0
42111,0
57444,0
79591,0
54450,0
144695,0
144696,0
144697,0
60655,0
57486,0
57491,0
57499,0
57502,0
57505,0
57514,0
57521,0
57525,0
57527,0
57529,0
68093,0
57531,0
57545,0
57546,0
57547,0
57548,0
57550,0
72587,0
57561,0
57563,0
57578,0
66808,0
57585,0
57590,0
57591,0
57593,0
57597,0
57603,0
38125,0
57606,0
57613,0
57614,0
57621,0
57623,0
57625,0
57632,0
57649,0
78953,0
57690,0
72945,0
149494,0
57695,0
57698,0
76458,0
57708,0
148691,0
148331,0
60691,0
57718,0
57733,0
60694,0
57737,0
48326,0
148655,0
148656,0
57742,0
74555,0
78964,0
57760,0
57766,0
57780,0
57782,0
57791,0
57799,0
48335,0
57822,0
57823,0
57824,0
57828,0
57837,0
48339,0
57843,0
57844,0
57853,0
57865,0
57872,0
57873,0
78984,0
57889,0
54515,0
48350,0
57899,0
57911,0
26481,0
30799,0
57919,0
57923,0
57925,0
57926,0
57928,0
57932,0
57937,0
74157,0
57944,0
26765,0
57951,0
57954,0
57956,0
57959,0
57971,0
57982,0
73001,0
58009,0
75295,0
58020,0
58030,0
58034,0
58035,0
58036,0
58044,0
58048,0
58065,0
58066,0
58072,0
58077,0
58084,0
58097,0
58107,0
58110,0
73017,0
64194,0
58124,0
28965,0
58135,0
58141,0
58145,0
73024,0
58149,0
58157,0
58163,0
58165,0
35978,0
58176,0
58185,0
58190,0
58191,0
58205,0
58207,0
122076,0
58213,0
58222,0
58228,0
121792,0
122779,0
58234,0
58239,0
58244,0
58257,0
122012,0
58260,0
58263,0
58267,0
58275,0
58276,0
58278,0
42256,0
58288,0
58293,0
58298,0
71995,0
58306,0
58310,0
58311,0
58315,0
58322,0
58324,0
58327,0
58331,0
58332,0
58333,0
66928,0
58341,0
58349,0
58367,0
66933,0
58374,0
58375,0
58383,0
58386,0
58389,0
58390,0
58395,0
58397,0
58400,0
58403,0
73070,0
58409,0
58411,0
58418,0
73072,0
58422,0
58425,0
58426,0
58429,0
58441,0
58446,0
58447,0
58470,0
58473,0
58474,0
78883,0
58481,0
58482,0
58483,0
58485,0
58487,0
58488,0
58489,0
58490,0
48451,0
58500,0
58503,0
58504,0
58505,0
66954,0
58507,0
58516,0
58522,0
58524,0
125616,0
125617,0
58542,0
58552,0
76486,0
58564,0
58568,0
58573,0
58576,0
58578,0
127218,0
127219,0
58591,0
58592,0
58594,0
58597,0
58600,0
136240,0
58611,0
58612,0
58626,0
58628,0
58632,0
58634,0
79107,0
58664,0
58670,0
58675,0
58677,0
58679,0
58681,0
58686,0
58698,0
58699,0
58704,0
130211,0
26689,0
58711,0
138025,0
73126,0
58723,0
58726,0
58728,0
58735,0
58739,0
58743,0
58758,0
58761,0
58772,0
48496,0
58775,0
58779,0
58785,0
58788,0
58795,0
58798,0
45581,0
45582,0
80815,0
79132,0
58814,0
58819,0
58832,0
58834,0
58837,0
58852,0
134500,0
73153,0
58880,0
58883,0
58887,0
73156,0
58893,0
58896,0
58897,0
58898,0
58900,0
58906,0
58907,0
58908,0
58909,0
58910,0
58912,0
58913,0
58917,0
73161,0
58924,0
58935,0
48521,0
58942,0
58946,0
58948,0
47280,0
26756,0
58963,0
58964,0
58966,0
58967,0
58975,0
118855,0
58982,0
58985,0
73171,0
58989,0
58990,0
54700,0
59014,0
59015,0
71678,0
59021,0
59028,0
59033,0
59039,0
59041,0
59048,0
59065,0
59070,0
75329,0
59087,0
59088,0
59089,0
59096,0
59106,0
50749,0
59128,0
59138,0
59143,0
60922,0
59151,0
64796,0
59161,0
42394,0
59165,0
59179,0
59183,0
59184,0
59194,0
59196,0
53776,0
59205,0
127247,0
121987,0
48564,0
41553,0
59227,0
41779,0
59230,0
59240,0
42410,0
59245,0
60937,0
43316,0
59254,0
59258,0
59259,0
59260,0
59261,0
59263,0
59265,0
42414,0
56934,0
59279,0
59285,0
59291,0
59294,0
78798,0
59297,0
59309,0
79210,0
74132,0
59316,0
59323,0
59327,0
59330,0
59334,0
54752,0
59353,0
59359,0
59361,0
59364,0
59368,0
59370,0
59378,0
68598,0
59394,0
59395,0
59399,0
59409,0
117349,0
59412,0
59414,0
59415,0
59417,0
28111,0
59428,0
59433,0
59438,0
38384,0
59440,0
59445,0
59448,0
132635,0
149335,0
59477,0
59481,0
59483,0
59490,0
59500,0
59502,0
40885,0
43761,0
59523,0
59530,0
59534,0
59539,0
35910,0
59552,0
59574,0
59620,0
59626,0
59634,0
59643,0
79265,0
80648,0
59659,0
75348,0
59680,0
59685,0
59686,0
59687,0
59688,0
59690,0
70457,0
59696,0
59697,0
59702,0
59709,0
59729,0
36230,0
59736,0
59738,0
59743,0
59748,0
59759,0
59770,0
59775,0
59778,0
59785,0
59797,0
59801,0
59802,0
59806,0
59811,0
59816,0
42513,0
59836,0
59848,0
59852,0
59859,0
73313,0
73315,0
59874,0
59875,0
61039,0
61041,0
59882,0
59898,0
59902,0
59908,0
59909,0
59911,0
59927,0
59930,0
59931,0
124863,0
63442,0
59937,0
59938,0
59940,0
59946,0
59947,0
59954,0
139716,0
59974,0
59976,0
59996,0
60007,0
60008,0
60013,0
60015,0
60017,0
60018,0
60028,0
60031,0
60041,0
60044,0
60049,0
60056,0
60057,0
60063,0
60064,0
60066,0
60069,0
60077,0
60083,0
60085,0
146725,0
60088,0
60089,0
60098,0
67205,0
79344,0
60106,0
52009,0
60115,0
60116,0
60120,0
60127,0
60129,0
75893,0
60137,0
60141,0
60142,0
60143,0
54895,0
60155,0
149570,0
60159,0
60166,0
139748,0
60188,0
60192,0
79359,0
64227,0
60200,0
79361,0
60205,0
60215,0
60219,0
60220,0
60240,0
60251,0
60255,0
60257,0
60260,0
60270,0
60273,0
60274,0
60284,0
60293,0
80326,0
60296,0
60300,0
60303,0
60310,0
60313,0
60323,0
60324,0
150752,0
60328,0
63134,0
60355,0
60359,0
60365,0
48760,0
60371,0
60372,0
60377,0
60381,0
60384,0
60387,0
60390,0
60395,0
60402,0
60403,0
60404,0
60413,0
60417,0
60434,0
60436,0
60451,0
60456,0
61134,0
60461,0
36350,0
60468,0
61137,0
60483,0
60488,0
143664,0
118282,0
73338,0
60516,0
60522,0
60542,0
60552,0
60569,0
60570,0
151059,0
60576,0
48799,0
60591,0
77762,0
60600,0
60615,0
60619,0
127514,0
201126,0
60628,0
60631,0
60636,0
149576,0
60641,0
60642,0
60646,0
60657,0
60661,0
60663,0
60667,0
56898,0
60680,0
60681,0
60686,0
60692,0
60693,0
60697,0
60706,0
60708,0
60709,0
60716,0
60717,0
54991,0
60726,0
38427,0
60742,0
60747,0
60757,0
60758,0
60776,0
60780,0
152379,0
148866,0
60794,0
60795,0
79474,0
60803,0
60804,0
60806,0
60809,0
60810,0
60824,0
60829,0
60831,0
38430,0
60842,0
26514,0
38357,0
60846,0
60853,0
50800,0
48842,0
60865,0
60866,0
60868,0
61205,0
60872,0
60873,0
148707,0
60886,0
60887,0
60909,0
80357,0
60913,0
130159,0
60916,0
60920,0
39227,0
60925,0
122970,0
60938,0
60954,0
36428,0
60969,0
60971,0
60972,0
27442,0
60982,0
42703,0
69165,0
60997,0
61006,0
61016,0
61024,0
61027,0
61030,0
76247,0
61048,0
61049,0
61050,0
31327,0
61053,0
61058,0
48875,0
61062,0
61065,0
61071,0
61077,0
61081,0
52037,0
61084,0
61088,0
61091,0
61093,0
61095,0
39653,0
61097,0
61103,0
61115,0
61121,0
61123,0
61131,0
61145,0
151533,0
79536,0
61171,0
61175,0
61180,0
79538,0
61187,0
79612,0
72806,0
61194,0
61198,0
61204,0
61217,0
61221,0
61224,0
61226,0
61227,0
61233,0
61237,0
61238,0
61244,0
61245,0
61273,0
61275,0
61276,0
61278,0
61287,0
61289,0
61290,0
61315,0
61334,0
61339,0
61345,0
61349,0
61353,0
61364,0
61370,0
61374,0
61378,0
61380,0
61384,0
39171,0
61400,0
61407,0
36510,0
70653,0
61418,0
61427,0
61430,0
61433,0
61437,0
61445,0
61449,0
61457,0
61458,0
33514,0
61473,0
61478,0
67456,0
73580,0
61506,0
61528,0
61529,0
61530,0
61532,0
61556,0
61559,0
61560,0
78396,0
61576,0
61578,0
61582,0
61584,0
61590,0
61593,0
131448,0
61604,0
61608,0
61615,0
61630,0
61651,0
61652,0
61655,0
61657,0
61661,0
61664,0
73612,0
61673,0
77795,0
57511,0
61685,0
73616,0
61691,0
61695,0
61697,0
46449,0
61701,0
61707,0
61710,0
75411,0
61717,0
61736,0
61737,0
73625,0
61740,0
76043,0
61748,0
61750,0
61754,0
67747,0
61769,0
61773,0
61774,0
61782,0
61783,0
61785,0
61812,0
61824,0
61828,0
61832,0
61834,0
61836,0
61840,0
61843,0
61844,0
61845,0
61847,0
61848,0
61852,0
61854,0
61856,0
61860,0
49007,0
61866,0
61873,0
61883,0
61892,0
61897,0
61898,0
61899,0
61900,0
61903,0
61912,0
61937,0
61942,0
61949,0
61951,0
61960,0
61977,0
61981,0
61983,0
61985,0
61986,0
61988,0
62007,0
62016,0
62019,0
54684,0
62031,0
36615,0
48537,0
62040,0
73679,0
62052,0
62055,0
62057,0
79681,0
62068,0
62073,0
62074,0
62081,0
62088,0
62089,0
74220,0
62092,0
62094,0
79689,0
62106,0
62112,0
75283,0
73694,0
62133,0
62136,0
62137,0
62138,0
62141,0
62142,0
36259,0
53856,0
36633,0
62164,0
62168,0
62171,0
119081,0
62175,0
62179,0
62183,0
62186,0
62187,0
62194,0
62195,0
62198,0
62199,0
62204,0
62213,0
62215,0
62227,0
62229,0
62246,0
62248,0
62250,0
62259,0
62260,0
62263,0
62264,0
62280,0
49075,0
62294,0
62298,0
62301,0
42923,0
56242,0
62328,0
45934,0
62338,0
62339,0
62344,0
75429,0
62359,0
62363,0
79734,0
62374,0
62376,0
49089,0
62379,0
73737,0
62394,0
76563,0
62401,0
62404,0
62419,0
62426,0
79745,0
62437,0
62439,0
62446,0
62447,0
62463,0
62466,0
62476,0
62490,0
62493,0
62508,0
62511,0
62514,0
62516,0
62525,0
62538,0
62544,0
62550,0
73763,0
62555,0
62562,0
62603,0
62605,0
62622,0
62623,0
62625,0
62631,0
62638,0
55324,0
62649,0
62650,0
62667,0
62671,0
62682,0
62690,0
77708,0
62694,0
62697,0
62698,0
62700,0
62719,0
62721,0
29827,0
62727,0
62735,0
62740,0
62746,0
62748,0
62750,0
42999,0
62757,0
62759,0
73801,0
62780,0
62790,0
62801,0
36742,0
62806,0
62810,0
62814,0
62824,0
62825,0
62826,0
62827,0
62830,0
62833,0
62838,0
46063,0
62844,0
62847,0
62854,0
62857,0
62861,0
62862,0
62866,0
62867,0
62876,0
62877,0
62884,0
62899,0
62902,0
130388,0
62918,0
62924,0
62928,0
73829,0
62954,0
127841,0
62969,0
63002,0
36779,0
63017,0
63020,0
63024,0
63031,0
73843,0
63034,0
63039,0
63042,0
63050,0
63055,0
73847,0
63060,0
63063,0
63064,0
63067,0
63072,0
73850,0
63087,0
55396,0
63090,0
79853,0
63098,0
63107,0
63108,0
63112,0
63113,0
63114,0
79858,0
63118,0
63125,0
63130,0
63131,0
63143,0
63145,0
63158,0
63159,0
63161,0
63170,0
63172,0
63177,0
66926,0
63183,0
47836,0
33938,0
63206,0
63210,0
63213,0
75456,0
63229,0
63230,0
63234,0
63250,0
63270,0
62767,0
63274,0
63279,0
73878,0
63284,0
63285,0
63286,0
63293,0
73882,0
63312,0
63317,0
63341,0
63343,0
63345,0
63350,0
63352,0
63353,0
49256,0
63358,0
63360,0
63373,0
43105,0
63378,0
63384,0
63388,0
63391,0
63396,0
67775,0
63404,0
55449,0
63415,0
63419,0
73898,0
63428,0
63429,0
49271,0
63461,0
32763,0
63475,0
63478,0
49678,0
63487,0
63491,0
79916,0
63510,0
63512,0
63519,0
63520,0
43127,0
63525,0
63551,0
44039,0
63560,0
63569,0
63574,0
63577,0
63578,0
63580,0
63584,0
73922,0
55483,0
72895,0
63601,0
63610,0
79933,0
58335,0
63617,0
63619,0
63620,0
79935,0
63631,0
63632,0
63635,0
63639,0
63641,0
63642,0
79939,0
63651,0
63654,0
63655,0
63656,0
63666,0
63667,0
63673,0
75554,0
63686,0
63687,0
63692,0
63695,0
63699,0
63702,0
63704,0
63709,0
79951,0
63741,0
63742,0
49327,0
76609,0
63813,0
63815,0
63818,0
63821,0
63830,0
63831,0
63839,0
63847,0
44198,0
63859,0
63866,0
33789,0
63882,0
63884,0
63887,0
63892,0
63893,0
63898,0
63904,0
63908,0
63912,0
63919,0
63940,0
63942,0
63973,0
63975,0
63976,0
63977,0
63978,0
63980,0
63983,0
63990,0
63992,0
54947,0
54949,0
64004,0
64006,0
29126,0
64008,0
64014,0
64021,0
64025,0
64027,0
56135,0
64034,0
64035,0
64038,0
132344,0
132345,0
64052,0
64054,0
64057,0
64064,0
64071,0
64074,0
64075,0
64076,0
64083,0
80011,0
64090,0
64097,0
74287,0
74014,0
64103,0
64114,0
152948,0
64151,0
64156,0
42753,0
64158,0
64162,0
64169,0
51564,0
64188,0
64194,0
152307,0
64200,0
64203,0
64208,0
64212,0
64215,0
64217,0
64229,0
64232,0
64234,0
52147,0
64241,0
64246,0
64266,0
64268,0
64274,0
64276,0
64282,0
64285,0
64288,0
68578,0
64306,0
64318,0
64320,0
66957,0
64325,0
64332,0
64339,0
64342,0
64347,0
64362,0
64367,0
55615,0
64369,0
64373,0
64376,0
64377,0
64382,0
64387,0
64388,0
64390,0
64391,0
64392,0
75494,0
64403,0
64404,0
64410,0
64420,0
64437,0
64444,0
64450,0
64451,0
64473,0
64475,0
64479,0
64482,0
64483,0
55636,0
64485,0
64486,0
64488,0
64495,0
64497,0
64511,0
64513,0
64518,0
49456,0
49457,0
64523,0
49458,0
64527,0
64535,0
64540,0
64541,0
64546,0
64550,0
64560,0
28196,0
79391,0
64573,0
38191,0
64584,0
64593,0
64603,0
64610,0
64611,0
64614,0
64616,0
64631,0
64638,0
64647,0
64655,0
55957,0
64674,0
73375,0
74108,0
64688,0
64692,0
64694,0
64697,0
74110,0
64700,0
66571,0
64704,0
64714,0
64720,0
64724,0
144892,0
64741,0
64743,0
64745,0
64752,0
64759,0
64760,0
64764,0
27192,0
64784,0
74125,0
64792,0
64796,0
64799,0
64803,0
64804,0
64807,0
69108,0
64814,0
80137,0
64822,0
64824,0
64829,0
64831,0
64834,0
49509,0
64839,0
64842,0
64850,0
64857,0
64858,0
64860,0
64863,0
52173,0
64884,0
64885,0
64887,0
64891,0
64911,0
64916,0
64920,0
64926,0
74149,0
64953,0
64957,0
64959,0
64960,0
64961,0
64976,0
64980,0
64981,0
64983,0
64993,0
65008,0
65012,0
65013,0
65028,0
65052,0
65055,0
65057,0
65061,0
65063,0
65066,0
65073,0
65075,0
65087,0
65097,0
75516,0
65100,0
65103,0
65113,0
65123,0
65130,0
65131,0
65133,0
65134,0
65135,0
46033,0
65158,0
65161,0
65164,0
77907,0
65176,0
65194,0
65199,0
74186,0
65220,0
65227,0
65229,0
65236,0
137937,0
79105,0
65241,0
65247,0
65248,0
65263,0
141693,0
65276,0
65277,0
65282,0
65292,0
65293,0
65297,0
65301,0
65303,0
65328,0
65330,0
65336,0
149372,0
39818,0
65358,0
73122,0
29108,0
65367,0
65380,0
65382,0
132548,0
65389,0
65393,0
73124,0
65397,0
65403,0
37171,0
65417,0
65419,0
74225,0
65430,0
73682,0
65436,0
65441,0
140083,0
65450,0
65452,0
65455,0
74229,0
138518,0
65461,0
65465,0
65468,0
65480,0
65482,0
65483,0
49623,0
65497,0
70440,0
65504,0
65511,0
65518,0
65528,0
142989,0
65531,0
65534,0
65539,0
65544,0
65546,0
65552,0
65575,0
37202,0
65597,0
65601,0
65605,0
65606,0
65610,0
65613,0
65619,0
65623,0
65625,0
65626,0
65628,0
65629,0
65630,0
65632,0
65633,0
65636,0
65639,0
65650,0
65652,0
65658,0
65669,0
65672,0
65679,0
65685,0
65686,0
65700,0
65704,0
65711,0
65720,0
65723,0
65736,0
69320,0
65757,0
65770,0
65772,0
65774,0
65775,0
65776,0
65778,0
65782,0
37235,0
65788,0
65800,0
65803,0
65808,0
141662,0
65819,0
65824,0
65827,0
65829,0
59028,0
65843,0
65844,0
65846,0
65853,0
65864,0
46058,0
143379,0
65886,0
65901,0
80316,0
65922,0
65923,0
65941,0
65943,0
65948,0
65949,0
65950,0
65951,0
65959,0
65967,0
65969,0
65972,0
65973,0
65979,0
65985,0
65992,0
65997,0
66000,0
66004,0
66008,0
66014,0
49710,0
66019,0
66022,0
66025,0
66031,0
66033,0
66062,0
66065,0
66076,0
66077,0
66080,0
66083,0
66089,0
66091,0
121580,0
66095,0
66104,0
66105,0
66109,0
66121,0
37295,0
37296,0
49730,0
66132,0
66133,0
66142,0
66147,0
66159,0
66162,0
49736,0
66177,0
66182,0
66189,0
66192,0
66193,0
66195,0
66196,0
56899,0
66198,0
66199,0
66208,0
63133,0
66216,0
122099,0
66227,0
66230,0
66244,0
66250,0
66254,0
66258,0
66266,0
66276,0
66284,0
66291,0
66308,0
66309,0
74371,0
66322,0
80390,0
66352,0
66355,0
66388,0
66389,0
66394,0
66396,0
66398,0
66400,0
66403,0
66412,0
66425,0
80406,0
66438,0
66445,0
49784,0
66458,0
66460,0
66462,0
66463,0
66465,0
80414,0
65246,0
66485,0
66490,0
66491,0
66495,0
66507,0
66511,0
66515,0
66523,0
66532,0
74404,0
80427,0
66541,0
66542,0
66543,0
66547,0
66548,0
37368,0
66562,0
66564,0
49806,0
66570,0
66571,0
66574,0
66583,0
66592,0
127225,0
66594,0
66596,0
66601,0
66603,0
66606,0
66609,0
66621,0
80441,0
66634,0
66640,0
66644,0
74423,0
66648,0
66650,0
66654,0
66656,0
66657,0
80446,0
66661,0
66663,0
66670,0
66683,0
43652,0
66699,0
66712,0
66732,0
66733,0
63596,0
119197,0
66750,0
66753,0
80461,0
66765,0
66767,0
66768,0
66772,0
66773,0
66785,0
66793,0
66796,0
26399,0
66814,0
66842,0
66849,0
26473,0
66860,0
66862,0
66863,0
66879,0
66886,0
66892,0
26549,0
66897,0
66899,0
66901,0
66910,0
26578,0
66917,0
66926,0
117116,0
66931,0
117219,0
66940,0
66943,0
66945,0
26641,0
66956,0
26644,0
66958,0
66963,0
66967,0
26665,0
66974,0
66977,0
66981,0
66984,0
66989,0
67002,0
44676,0
67005,0
67006,0
67008,0
67009,0
67025,0
136217,0
26765,0
67043,0
67053,0
67069,0
26876,0
67096,0
67098,0
67100,0
67103,0
67105,0
67118,0
67125,0
67126,0
67128,0
67131,0
134543,0
67134,0
67138,0
67140,0
67144,0
67147,0
67151,0
67157,0
74511,0
75588,0
67177,0
67178,0
67180,0
134391,0
27019,0
27021,0
43732,0
27035,0
67194,0
152244,0
67205,0
27064,0
67210,0
74519,0
67215,0
67220,0
27086,0
67228,0
67233,0
67235,0
67239,0
67249,0
67251,0
36149,0
43741,0
67258,0
67259,0
67263,0
67269,0
67271,0
67290,0
67291,0
67303,0
149902,0
67310,0
68413,0
67316,0
67329,0
67330,0
67336,0
67337,0
67342,0
67344,0
67358,0
67362,0
67374,0
67381,0
34642,0
74542,0
74543,0
67394,0
67399,0
74545,0
67401,0
43771,0
67436,0
67440,0
67441,0
27394,0
67449,0
80519,0
119495,0
63377,0
67464,0
67468,0
67471,0
67474,0
34563,0
140036,0
67496,0
67497,0
67498,0
67503,0
67504,0
67505,0
27508,0
67511,0
67518,0
67520,0
67529,0
67530,0
67540,0
67541,0
67545,0
27595,0
73191,0
67572,0
67573,0
67577,0
141825,0
144878,0
67588,0
67594,0
43796,0
67605,0
67609,0
27679,0
67617,0
75345,0
119065,0
67638,0
67640,0
67641,0
79182,0
74588,0
27737,0
67655,0
67660,0
67667,0
67668,0
67669,0
67674,0
27768,0
27778,0
67689,0
67702,0
67704,0
67705,0
67710,0
67712,0
119505,0
67716,0
34399,0
67722,0
67726,0
39961,0
67735,0
67736,0
27846,0
67743,0
67745,0
144907,0
67747,0
67748,0
27871,0
125160,0
27905,0
67814,0
146121,0
67820,0
27978,0
67834,0
67837,0
67849,0
67850,0
67855,0
150534,0
67861,0
67869,0
37602,0
67891,0
74632,0
67903,0
67904,0
152433,0
152434,0
67907,0
67909,0
67926,0
67929,0
67941,0
67944,0
41195,0
67949,0
67950,0
67958,0
34244,0
67963,0
67964,0
67966,0
67968,0
67969,0
28212,0
28213,0
28229,0
67991,0
67993,0
68001,0
28262,0
60946,0
68013,0
68014,0
68016,0
28285,0
28286,0
68030,0
68031,0
68038,0
68039,0
68052,0
68056,0
68058,0
68071,0
68075,0
28374,0
28375,0
68080,0
68082,0
68083,0
28404,0
68092,0
68093,0
28411,0
50055,0
34163,0
68103,0
28427,0
80532,0
34141,0
37647,0
68130,0
68140,0
68143,0
28494,0
68148,0
68150,0
68156,0
68158,0
146240,0
34173,0
68165,0
43898,0
28537,0
68182,0
68184,0
43901,0
68189,0
28596,0
68210,0
68221,0
68222,0
68244,0
28654,0
68249,0
53510,0
68266,0
58491,0
68278,0
68288,0
68289,0
68291,0
68292,0
68294,0
68296,0
68305,0
68306,0
68313,0
28761,0
68318,0
68321,0
68322,0
28771,0
68324,0
68329,0
43925,0
68330,0
68332,0
68335,0
68338,0
68342,0
68347,0
68348,0
68361,0
68366,0
28833,0
68375,0
68376,0
68377,0
68378,0
68384,0
68385,0
68387,0
68392,0
68401,0
68403,0
68404,0
32377,0
80542,0
68419,0
68424,0
68425,0
68427,0
68428,0
68436,0
43941,0
68438,0
68446,0
68448,0
68449,0
68455,0
68461,0
68463,0
68468,0
68485,0
68486,0
68488,0
29028,0
68502,0
68512,0
33821,0
35453,0
42642,0
73225,0
68534,0
29097,0
29098,0
68548,0
68554,0
68555,0
69991,0
68558,0
68561,0
68572,0
68578,0
68586,0
68598,0
68603,0
68605,0
74747,0
68607,0
68617,0
68627,0
68632,0
68638,0
68644,0
68645,0
68646,0
68650,0
56543,0
68652,0
68658,0
68659,0
68664,0
68666,0
68669,0
68671,0
68678,0
68682,0
68685,0
68692,0
68693,0
29354,0
68720,0
29385,0
68724,0
68732,0
68736,0
68737,0
29414,0
68742,0
74768,0
29428,0
29431,0
29443,0
68762,0
74770,0
68769,0
65028,0
29463,0
68786,0
33619,0
29493,0
68810,0
44006,0
68818,0
68819,0
29521,0
29523,0
61627,0
73234,0
68841,0
68845,0
68849,0
68862,0
68864,0
68869,0
68870,0
68878,0
44018,0
68893,0
29612,0
29613,0
68900,0
68904,0
119600,0
68907,0
68917,0
68918,0
68922,0
68928,0
68938,0
29687,0
68945,0
68946,0
68951,0
68955,0
68956,0
68965,0
68967,0
68979,0
68980,0
68990,0
68991,0
68993,0
68996,0
68997,0
68999,0
69016,0
69026,0
69028,0
69035,0
29849,0
63695,0
69053,0
69057,0
69064,0
69065,0
69066,0
69078,0
69080,0
69086,0
44050,0
70494,0
69091,0
69093,0
69098,0
69108,0
29960,0
69118,0
69129,0
117474,0
69154,0
69157,0
69158,0
69159,0
69165,0
69166,0
69184,0
69187,0
69189,0
69193,0
75178,0
69198,0
69200,0
69206,0
69209,0
69212,0
69215,0
30121,0
50070,0
38400,0
69242,0
69244,0
69245,0
69246,0
69248,0
69250,0
69252,0
69256,0
69257,0
44079,0
30185,0
69277,0
72184,0
69281,0
69288,0
69291,0
30222,0
69296,0
69301,0
69302,0
30240,0
30249,0
69313,0
69317,0
69320,0
69326,0
69327,0
69329,0
69330,0
134718,0
69334,0
69336,0
80572,0
68753,0
69353,0
69356,0
74868,0
69362,0
69364,0
69366,0
69372,0
35283,0
69375,0
69376,0
69379,0
69383,0
69392,0
69396,0
44101,0
69408,0
69424,0
74879,0
69438,0
69444,0
69446,0
69447,0
69449,0
30458,0
69459,0
69465,0
69467,0
69468,0
69472,0
122231,0
69483,0
69500,0
69501,0
30516,0
69509,0
30527,0
69514,0
69524,0
30556,0
69533,0
69539,0
67465,0
69545,0
69548,0
30600,0
69562,0
69575,0
69584,0
69586,0
69588,0
30664,0
69605,0
69622,0
69632,0
69640,0
69641,0
69643,0
44145,0
69659,0
69668,0
69669,0
69670,0
69678,0
69703,0
46189,0
69715,0
68816,0
30880,0
30881,0
69742,0
31546,0
69754,0
69757,0
69763,0
69777,0
69780,0
44169,0
75946,0
69795,0
69798,0
69804,0
69808,0
69810,0
69811,0
30994,0
69819,0
69821,0
69832,0
50341,0
39817,0
69862,0
69873,0
69874,0
69881,0
69889,0
74964,0
69906,0
69911,0
69931,0
69935,0
69940,0
69942,0
69943,0
31192,0
31193,0
69957,0
31206,0
69966,0
69970,0
31241,0
69990,0
69991,0
69996,0
69998,0
70004,0
125135,0
70017,0
55261,0
31327,0
117208,0
66609,0
70047,0
70048,0
32453,0
32454,0
74989,0
78076,0
70058,0
136703,0
70076,0
70078,0
153429,0
70091,0
70098,0
70104,0
70109,0
74997,0
70121,0
31460,0
48663,0
70137,0
70138,0
70146,0
31495,0
31496,0
70153,0
31503,0
70155,0
70162,0
35686,0
70170,0
70171,0
70172,0
70196,0
70204,0
70213,0
70226,0
70244,0
70246,0
70249,0
70256,0
136578,0
31696,0
31707,0
70270,0
70271,0
70273,0
31724,0
70285,0
70286,0
70288,0
70292,0
70302,0
70305,0
70306,0
70308,0
70310,0
70311,0
70312,0
79266,0
70326,0
70330,0
70334,0
70337,0
70339,0
78225,0
70352,0
70354,0
70357,0
70359,0
31850,0
70362,0
73369,0
31866,0
70376,0
70377,0
70382,0
70395,0
62800,0
70404,0
70411,0
70419,0
75051,0
70426,0
31960,0
31963,0
31975,0
31976,0
70455,0
70460,0
118774,0
70463,0
44282,0
32022,0
70469,0
70471,0
70478,0
70489,0
70492,0
70494,0
70504,0
70510,0
70512,0
70532,0
70539,0
32128,0
70546,0
70550,0
70553,0
119546,0
70562,0
70563,0
70564,0
32187,0
70589,0
70590,0
44887,0
70608,0
70611,0
32231,0
75084,0
70632,0
70637,0
70641,0
70650,0
32292,0
125559,0
32298,0
70666,0
70668,0
70671,0
32349,0
70695,0
70706,0
70707,0
79280,0
79281,0
70718,0
70724,0
70725,0
70743,0
32432,0
70748,0
70750,0
70756,0
70760,0
38113,0
70764,0
32450,0
70769,0
70782,0
70784,0
70788,0
70807,0
70809,0
70812,0
32526,0
41297,0
75116,0
70847,0
145997,0
44358,0
70857,0
70859,0
70877,0
70881,0
70899,0
70903,0
70905,0
70908,0
74513,0
70914,0
121961,0
121962,0
70919,0
70923,0
70925,0
70930,0
143422,0
80618,0
70944,0
70959,0
70964,0
70965,0
70971,0
70975,0
32174,0
53606,0
56704,0
32774,0
147188,0
70994,0
32785,0
122022,0
71011,0
75143,0
71017,0
71027,0
71041,0
71053,0
71056,0
71059,0
71060,0
71061,0
71068,0
44394,0
29759,0
75155,0
71101,0
71103,0
71106,0
71112,0
71114,0
71118,0
32955,0
71124,0
71127,0
71128,0
71131,0
32989,0
71141,0
71146,0
71148,0
71152,0
71154,0
71161,0
71166,0
71182,0
71184,0
71195,0
70848,0
71202,0
130482,0
47475,0
71236,0
71238,0
71239,0
75178,0
33139,0
71250,0
75179,0
71255,0
71257,0
71290,0
71296,0
71304,0
71308,0
44435,0
71312,0
71323,0
33264,0
71331,0
127768,0
33283,0
33288,0
33289,0
71354,0
71356,0
56770,0
71362,0
71364,0
71371,0
33330,0
71378,0
71379,0
71380,0
80630,0
71388,0
31929,0
71390,0
71391,0
130383,0
71412,0
71415,0
71417,0
31898,0
71429,0
71438,0
62963,0
71449,0
71451,0
71452,0
71456,0
71459,0
71464,0
130320,0
71469,0
71475,0
71484,0
71492,0
71496,0
78474,0
71508,0
71513,0
71514,0
71526,0
71527,0
33593,0
71549,0
71580,0
71584,0
71587,0
71608,0
33973,0
31527,0
71612,0
28383,0
28512,0
28869,0
29263,0
29269,0
78124,0
27023,0
35238,0
29176,0
29700,0
32053,0
34209,0
27242,0
27255,0
27457,0
29046,0
71635,0
30199,0
30878,0
31109,0
31518,0
33138,0
34050,0
35239,0
26979,0
71647,0
29908,0
30233,0
30423,0
30814,0
31443,0
32221,0
32348,0
71658,0
34356,0
28026,0
28720,0
33760,0
30314,0
30337,0
30371,0
28064,0
71668,0
71669,0
31300,0
31594,0
32385,0
32536,0
32551,0
33480,0
33788,0
34367,0
26726,0
71680,0
27584,0
27893,0
27902,0
33800,0
33804,0
29577,0
30608,0
30744,0
30786,0
30816,0
31016,0
31155,0
31181,0
31635,0
31653,0
71701,0
71704,0
33077,0
33222,0
33401,0
34042,0
34099,0
34451,0
34748,0
34787,0
26365,0
26393,0
26507,0
26651,0
26803,0
26814,0
26894,0
27151,0
71723,0
27856,0
27885,0
71726,0
28118,0
28130,0
28159,0
28302,0
28357,0
71734,0
71735,0
28602,0
28698,0
28788,0
28830,0
28831,0
28926,0
29128,0
29304,0
29495,0
29681,0
71748,0
29950,0
29994,0
30014,0
30067,0
30098,0
30239,0
30431,0
71757,0
30820,0
30968,0
30997,0
31150,0
31403,0
31470,0
71764,0
31957,0
32190,0
32322,0
32360,0
32364,0
32571,0
32814,0
33108,0
33279,0
33557,0
33818,0
71778,0
34106,0
34369,0
34480,0
34730,0
34752,0
35255,0
35256,0
71790,0
26694,0
26715,0
26750,0
26752,0
26888,0
26975,0
27241,0
27491,0
27680,0
27729,0
28189,0
28254,0
28277,0
28298,0
28365,0
28370,0
71813,0
28559,0
35258,0
35260,0
71819,0
29188,0
71822,0
35262,0
29579,0
29701,0
29781,0
29810,0
29890,0
29900,0
30409,0
71833,0
30500,0
30564,0
30668,0
31003,0
31254,0
31458,0
31785,0
31986,0
32063,0
32102,0
32122,0
32140,0
32329,0
32401,0
32402,0
32515,0
32517,0
32522,0
71856,0
32891,0
32914,0
32915,0
33084,0
33143,0
33154,0
33218,0
33323,0
71865,0
33482,0
33513,0
71869,0
71870,0
34100,0
34213,0
34221,0
71877,0
34623,0
34680,0
34714,0
26337,0
26349,0
26513,0
26556,0
26582,0
26624,0
26686,0
26775,0
26793,0
26877,0
26899,0
27155,0
71900,0
27295,0
27373,0
27498,0
27607,0
27653,0
27654,0
27675,0
27804,0
27953,0
28201,0
28347,0
28533,0
34145,0
28818,0
28938,0
29005,0
71916,0
29114,0
29286,0
35268,0
29691,0
29892,0
29937,0
30064,0
30122,0
30324,0
30374,0
30591,0
30629,0
30678,0
30788,0
30840,0
71938,0
30894,0
71944,0
31425,0
31508,0
31609,0
32217,0
32411,0
32477,0
32581,0
32654,0
32837,0
32901,0
71961,0
33262,0
33355,0
33507,0
33629,0
71969,0
35269,0
33699,0
33728,0
33848,0
33854,0
34066,0
34072,0
34092,0
34159,0
34190,0
34207,0
34365,0
34423,0
34524,0
34566,0
34703,0
26371,0
26496,0
26547,0
26600,0
26724,0
71995,0
71997,0
27011,0
27102,0
27289,0
27346,0
27385,0
27513,0
27524,0
27604,0
35277,0
72008,0
28000,0
28075,0
28097,0
28182,0
28218,0
28402,0
72019,0
28519,0
28550,0
28562,0
28651,0
28888,0
29152,0
29170,0
29345,0
72035,0
29409,0
29565,0
29669,0
29778,0
29832,0
30210,0
30292,0
30303,0
30343,0
72048,0
72052,0
31009,0
31031,0
31307,0
72059,0
72061,0
72063,0
31617,0
72067,0
72068,0
72073,0
32000,0
32027,0
32040,0
32113,0
32206,0
35284,0
32287,0
72082,0
32599,0
32614,0
72085,0
32661,0
32787,0
32940,0
127762,0
33105,0
33135,0
33199,0
33242,0
33383,0
34396,0
33470,0
33485,0
33517,0
35286,0
33535,0
33637,0
72106,0
33746,0
33929,0
33931,0
72109,0
33989,0
34056,0
34062,0
35291,0
34133,0
34193,0
34301,0
34417,0
34476,0
34521,0
34537,0
34554,0
34571,0
34672,0
72132,0
34716,0
34750,0
34818,0
26331,0
26360,0
26369,0
127771,0
35292,0
26433,0
26453,0
34468,0
34469,0
34470,0
26821,0
26892,0
26915,0
26960,0
26997,0
27214,0
27307,0
27364,0
27377,0
27417,0
72158,0
72159,0
27493,0
27574,0
35295,0
35296,0
27586,0
27668,0
27725,0
72166,0
27984,0
35298,0
35299,0
72169,0
35301,0
35302,0
35303,0
35304,0
35306,0
35307,0
35308,0
35309,0
35312,0
35313,0
35318,0
72182,0
35320,0
35321,0
35323,0
35324,0
35325,0
35326,0
35327,0
34543,0
35329,0
35330,0
35331,0
35332,0
35334,0
35335,0
26333,0
35336,0
35337,0
35339,0
35341,0
35342,0
35343,0
35346,0
35347,0
35348,0
72204,0
35351,0
35355,0
34580,0
27954,0
35363,0
35364,0
35365,0
72216,0
35367,0
35368,0
34594,0
72233,0
72234,0
72235,0
35376,0
72239,0
72241,0
44598,0
29197,0
72256,0
28128,0
128055,0
72263,0
35388,0
35396,0
35400,0
72279,0
72281,0
72283,0
72284,0
28096,0
28168,0
28244,0
28366,0
28603,0
28715,0
28724,0
28873,0
28890,0
28909,0
28937,0
28987,0
29087,0
29143,0
29297,0
29358,0
29382,0
29408,0
29509,0
72332,0
29578,0
29608,0
72335,0
29733,0
29766,0
72338,0
30053,0
30057,0
30065,0
30143,0
30144,0
30293,0
30354,0
30462,0
30465,0
30468,0
30503,0
30508,0
30526,0
30531,0
30537,0
30543,0
30582,0
30619,0
30642,0
30732,0
30772,0
30776,0
30905,0
30930,0
31018,0
35420,0
31097,0
72373,0
31148,0
31149,0
31478,0
31572,0
125045,0
31640,0
31714,0
31783,0
31816,0
31825,0
31832,0
72391,0
72398,0
72401,0
32660,0
32692,0
32715,0
72407,0
33391,0
33540,0
33562,0
33607,0
33684,0
33753,0
33770,0
34176,0
34260,0
34437,0
34461,0
72432,0
35426,0
72436,0
72440,0
35429,0
72443,0
72444,0
35434,0
72447,0
35436,0
35438,0
35439,0
72452,0
35442,0
35443,0
72456,0
35446,0
35447,0
35448,0
72464,0
35454,0
35456,0
35459,0
35460,0
35461,0
35463,0
35464,0
51416,0
35467,0
35468,0
35469,0
72483,0
35473,0
35474,0
63137,0
35476,0
72489,0
35479,0
72491,0
35482,0
35483,0
35484,0
72496,0
35486,0
35487,0
35488,0
72503,0
35490,0
35491,0
35494,0
35495,0
35500,0
35501,0
35502,0
35504,0
29624,0
30328,0
30329,0
30330,0
35506,0
35507,0
35508,0
35509,0
35512,0
35513,0
35514,0
35515,0
35517,0
35518,0
35519,0
35520,0
35527,0
72539,0
35531,0
72542,0
35536,0
35537,0
35538,0
35539,0
35542,0
35543,0
35546,0
35547,0
35548,0
35550,0
35551,0
35552,0
35554,0
35555,0
72569,0
72570,0
35561,0
35562,0
35563,0
35564,0
35565,0
35566,0
72581,0
35570,0
35571,0
35573,0
72587,0
72588,0
35576,0
35577,0
35581,0
35583,0
35584,0
35585,0
35587,0
35588,0
35589,0
35590,0
35592,0
35593,0
35595,0
35596,0
35597,0
35598,0
72615,0
35600,0
35601,0
72619,0
35603,0
35605,0
72623,0
26500,0
35609,0
35610,0
35611,0
72633,0
54720,0
72638,0
72642,0
72647,0
72648,0
72649,0
63177,0
136615,0
35622,0
72664,0
35624,0
72666,0
35629,0
35631,0
35632,0
72673,0
35635,0
35640,0
35650,0
35652,0
35653,0
35660,0
35668,0
35669,0
72713,0
35675,0
72716,0
72717,0
72722,0
35691,0
35692,0
35693,0
35701,0
35705,0
35708,0
35713,0
35719,0
50819,0
35723,0
35726,0
35729,0
35736,0
35737,0
52819,0
72793,0
35747,0
35750,0
35755,0
35770,0
72825,0
72836,0
72850,0
72853,0
72854,0
53442,0
35814,0
77274,0
35816,0
72879,0
35822,0
129927,0
35830,0
43518,0
72890,0
72892,0
35840,0
35842,0
44709,0
72900,0
72901,0
35850,0
35851,0
35855,0
35857,0
35859,0
72912,0
72914,0
35863,0
128545,0
35890,0
35891,0
72939,0
35899,0
35902,0
72949,0
41947,0
35913,0
35919,0
72967,0
35926,0
57054,0
72985,0
35937,0
35942,0
72995,0
35949,0
35956,0
35968,0
35969,0
73020,0
50857,0
35974,0
63231,0
73026,0
73027,0
35979,0
73029,0
35984,0
35985,0
35987,0
73038,0
35990,0
62750,0
36000,0
36005,0
44735,0
145932,0
73066,0
36015,0
36018,0
36020,0
36021,0
36030,0
73083,0
36034,0
30344,0
30345,0
30346,0
36040,0
36045,0
73097,0
36048,0
39180,0
36051,0
73107,0
73108,0
76965,0
36061,0
73120,0
36068,0
138446,0
36071,0
73130,0
122448,0
73143,0
73149,0
73152,0
36103,0
73160,0
36105,0
36112,0
73169,0
36115,0
36118,0
73175,0
73176,0
36122,0
36128,0
36129,0
36131,0
36134,0
73189,0
129916,0
36144,0
36146,0
36147,0
73203,0
36151,0
36152,0
36153,0
73218,0
36166,0
36167,0
36168,0
73228,0
36175,0
36176,0
36187,0
73249,0
36191,0
73257,0
36202,0
36205,0
73268,0
73272,0
36212,0
36214,0
73282,0
36226,0
36227,0
36228,0
73293,0
36241,0
36244,0
36249,0
36251,0
36259,0
36263,0
36265,0
36266,0
36270,0
36275,0
36276,0
36284,0
36291,0
36293,0
73359,0
73361,0
36304,0
73366,0
73367,0
36308,0
36311,0
36314,0
73375,0
36318,0
79450,0
73389,0
36332,0
36344,0
36348,0
73411,0
73412,0
73416,0
36361,0
36363,0
36365,0
36376,0
73438,0
73441,0
36386,0
36388,0
80679,0
36392,0
36397,0
36400,0
73458,0
36405,0
73465,0
36412,0
36414,0
148535,0
36419,0
36421,0
50973,0
36424,0
73485,0
73486,0
36427,0
36428,0
36432,0
36439,0
26705,0
36446,0
36449,0
57144,0
36455,0
36460,0
36461,0
36466,0
36467,0
73523,0
73525,0
73526,0
73528,0
36480,0
36484,0
73539,0
75548,0
36502,0
36503,0
73565,0
36511,0
73572,0
73574,0
36520,0
36540,0
73596,0
36543,0
36544,0
36546,0
73606,0
36551,0
73611,0
36553,0
73613,0
73615,0
73619,0
73620,0
36566,0
36568,0
73627,0
73631,0
36574,0
72156,0
36576,0
36580,0
36581,0
73647,0
73650,0
36595,0
36599,0
73665,0
73671,0
73675,0
30157,0
36617,0
73682,0
36621,0
61697,0
36629,0
73702,0
36639,0
36643,0
36644,0
73708,0
36646,0
36649,0
36651,0
73718,0
57343,0
36660,0
73724,0
153547,0
73732,0
36673,0
36676,0
73742,0
73743,0
36686,0
60994,0
36702,0
44845,0
73769,0
74608,0
56167,0
73784,0
73785,0
75725,0
73788,0
36727,0
36730,0
73794,0
36732,0
36735,0
36737,0
36738,0
36740,0
73805,0
73808,0
73816,0
73818,0
36755,0
36760,0
73827,0
36766,0
36770,0
36774,0
73841,0
36781,0
36783,0
151633,0
73849,0
73852,0
36791,0
36796,0
73860,0
36800,0
36801,0
73865,0
127480,0
73868,0
36811,0
36813,0
73875,0
36823,0
36828,0
73883,0
36840,0
73897,0
36846,0
73899,0
73904,0
36856,0
36858,0
36872,0
73925,0
73930,0
36877,0
36880,0
36881,0
73937,0
36885,0
76991,0
36888,0
36892,0
36897,0
36898,0
36901,0
36908,0
36911,0
36913,0
73983,0
36923,0
36926,0
36927,0
73994,0
73998,0
36937,0
74004,0
74007,0
75629,0
36956,0
74024,0
36969,0
36970,0
36975,0
36978,0
36989,0
36990,0
74052,0
36994,0
69544,0
127518,0
37002,0
37003,0
74070,0
74071,0
37023,0
37028,0
74086,0
37031,0
152366,0
37051,0
37053,0
27723,0
74111,0
74118,0
37065,0
74121,0
36969,0
74129,0
74130,0
37077,0
37078,0
37082,0
75651,0
74144,0
74145,0
74146,0
74148,0
37095,0
74152,0
37100,0
74157,0
37108,0
74162,0
37114,0
74165,0
37117,0
74169,0
74172,0
74178,0
74179,0
37132,0
37133,0
37134,0
74183,0
37139,0
37140,0
37144,0
37151,0
74204,0
37173,0
37180,0
37181,0
37184,0
74234,0
74241,0
37196,0
74247,0
44909,0
37207,0
74259,0
37210,0
74262,0
74270,0
74274,0
37230,0
37231,0
37238,0
74286,0
37244,0
74292,0
74293,0
37254,0
74299,0
37257,0
74303,0
74307,0
37267,0
74311,0
37273,0
37278,0
37281,0
37291,0
37303,0
74352,0
74353,0
37317,0
37318,0
37320,0
65176,0
74376,0
37339,0
74383,0
37345,0
35360,0
35361,0
37349,0
37353,0
74396,0
37359,0
74402,0
37366,0
37555,0
37371,0
37375,0
74417,0
72178,0
37388,0
74427,0
74431,0
37398,0
74441,0
37409,0
37410,0
37412,0
37413,0
74454,0
73420,0
74456,0
74457,0
74458,0
127462,0
37438,0
37446,0
75682,0
37449,0
37454,0
74492,0
74493,0
72180,0
74498,0
74502,0
74505,0
78212,0
41178,0
74510,0
37476,0
37477,0
37478,0
74516,0
37486,0
37495,0
74526,0
37498,0
37501,0
74534,0
37504,0
74541,0
37512,0
37513,0
74544,0
37516,0
74546,0
74548,0
37526,0
141376,0
141377,0
141378,0
37533,0
74568,0
74582,0
37554,0
37555,0
37556,0
37561,0
37563,0
74594,0
74599,0
37571,0
37575,0
37576,0
73713,0
74608,0
37583,0
37593,0
37598,0
74630,0
57334,0
37603,0
64200,0
37606,0
74635,0
74640,0
74641,0
74649,0
37625,0
74652,0
37627,0
74657,0
74658,0
33846,0
37641,0
74667,0
74668,0
40138,0
37650,0
74677,0
74683,0
74685,0
37666,0
37667,0
74689,0
74692,0
37677,0
74699,0
74704,0
74707,0
37690,0
37698,0
37702,0
52510,0
37706,0
46243,0
74731,0
74732,0
37711,0
74736,0
37720,0
74743,0
37725,0
37726,0
37728,0
37730,0
74752,0
74753,0
37739,0
74758,0
132357,0
37752,0
37757,0
37760,0
75838,0
37764,0
37778,0
74792,0
42671,0
59953,0
37790,0
37792,0
74809,0
37807,0
37815,0
74821,0
37817,0
40442,0
37829,0
74835,0
37833,0
53121,0
51806,0
74842,0
74843,0
37842,0
37847,0
56796,0
37850,0
37852,0
39231,0
37859,0
37861,0
80828,0
66493,0
72965,0
37876,0
37879,0
37899,0
74907,0
37906,0
37908,0
74921,0
74922,0
74929,0
37924,0
37933,0
37946,0
74951,0
37959,0
141481,0
37964,0
74970,0
37969,0
37970,0
74976,0
74978,0
37996,0
37999,0
38004,0
38006,0
29439,0
38014,0
38016,0
36416,0
75026,0
51193,0
38032,0
75037,0
38040,0
38041,0
75044,0
75045,0
75048,0
38051,0
75053,0
38056,0
75057,0
75059,0
38061,0
75803,0
38067,0
38068,0
38078,0
75079,0
38080,0
38085,0
38086,0
38090,0
38096,0
75100,0
75104,0
75108,0
75111,0
38121,0
38123,0
38124,0
38125,0
75119,0
75123,0
75126,0
38137,0
79438,0
38142,0
75140,0
38150,0
38152,0
38163,0
38845,0
38168,0
75161,0
75155,0
127442,0
38190,0
38191,0
75181,0
78496,0
75185,0
63592,0
28462,0
75192,0
75195,0
38211,0
79586,0
75202,0
38218,0
75206,0
38223,0
73445,0
132118,0
75213,0
38235,0
79361,0
38238,0
75224,0
75226,0
38247,0
75236,0
75237,0
38253,0
75240,0
38257,0
38258,0
38261,0
38262,0
38263,0
75259,0
75260,0
69744,0
38277,0
38279,0
64954,0
75276,0
38288,0
75280,0
75285,0
57445,0
75294,0
75296,0
75843,0
38313,0
75311,0
38320,0
38321,0
38324,0
75320,0
38330,0
41445,0
38341,0
75337,0
75343,0
38352,0
38354,0
38356,0
38357,0
38358,0
75350,0
75355,0
75359,0
75366,0
38377,0
38378,0
74662,0
38385,0
75855,0
75386,0
79450,0
38407,0
75399,0
38414,0
38417,0
38422,0
38423,0
38424,0
38425,0
38426,0
72209,0
75416,0
70990,0
63975,0
38435,0
38436,0
40162,0
38442,0
75430,0
38444,0
38448,0
38459,0
38462,0
38468,0
75455,0
45138,0
38478,0
38489,0
75478,0
62435,0
80530,0
38499,0
38503,0
38508,0
75489,0
38512,0
37679,0
74666,0
38526,0
38528,0
38529,0
38533,0
38544,0
38545,0
38546,0
38562,0
38564,0
38568,0
75545,0
38572,0
80305,0
38578,0
75556,0
75557,0
38586,0
38589,0
75566,0
75569,0
75573,0
38600,0
38602,0
44695,0
119527,0
38610,0
38612,0
75591,0
75600,0
38625,0
38626,0
38629,0
38639,0
38640,0
38641,0
75620,0
75621,0
134206,0
75625,0
38653,0
75632,0
75634,0
37683,0
38661,0
38666,0
38670,0
134277,0
38675,0
38676,0
38677,0
38686,0
38690,0
75665,0
75668,0
38695,0
38698,0
38703,0
38705,0
75681,0
38714,0
38719,0
38720,0
75693,0
38722,0
75695,0
75700,0
75701,0
75703,0
75705,0
118234,0
136203,0
75712,0
75713,0
57113,0
75716,0
75720,0
75730,0
75734,0
75735,0
47628,0
75738,0
75745,0
75748,0
75750,0
75759,0
78258,0
75762,0
75767,0
75917,0
60693,0
75793,0
125216,0
75799,0
27210,0
132332,0
38853,0
38854,0
33997,0
38858,0
75837,0
38864,0
28885,0
75840,0
75841,0
38870,0
75845,0
38878,0
71988,0
38883,0
38887,0
75862,0
46400,0
134499,0
38910,0
75880,0
38920,0
38923,0
38926,0
38930,0
38933,0
38938,0
38940,0
75909,0
52551,0
75914,0
79473,0
75941,0
75921,0
38942,0
75926,0
134437,0
75943,0
75930,0
75936,0
75938,0
38973,0
38978,0
80725,0
71219,0
37395,0
56819,0
51505,0
53776,0
66504,0
80815,0
79464,0
80730,0
58111,0
49054,0
62974,0
75012,0
55413,0
80820,0
54138,0
41122,0
63502,0
80713,0
70176,0
80823,0
80705,0
71219,0
80738,0
80716,0
39931,0
41553,0
62240,0
40669,0
41648,0
143486,0
53318,0
80796,0
63756,0
49440,0
59727,0
39877,0
39879,0
80639,0
80832,0
43836,0
